{
    "parent1": {
        "batch_0": [
            27.314434051513672,
            25.40571403503418,
            22.6102237701416
        ],
        "batch_1": [
            27.61871337890625,
            25.020383834838867,
            21.13188362121582
        ],
        "batch_2": [
            27.136655807495117,
            22.295690536499023,
            23.99336051940918
        ],
        "batch_3": [
            28.59048843383789,
            29.968950271606445,
            24.017194747924805
        ],
        "batch_4": [
            25.605587005615234,
            22.89382553100586,
            21.580442428588867
        ],
        "batch_5": [
            28.30381202697754,
            25.982398986816406,
            23.4072208404541
        ],
        "batch_6": [
            29.98798942565918,
            24.610870361328125,
            24.171829223632812
        ],
        "batch_7": [
            27.853618621826172,
            27.322757720947266,
            23.947378158569336
        ],
        "batch_8": [
            29.55781364440918,
            27.95828628540039,
            25.23434829711914
        ],
        "batch_9": [
            28.578468322753906,
            26.017671585083008,
            22.679197311401367
        ]
    },
    "parent2": {
        "batch_0": [
            31.2927303314209,
            27.38267707824707,
            26.35132598876953
        ],
        "batch_1": [
            32.98469924926758,
            30.166332244873047,
            24.92518424987793
        ],
        "batch_2": [
            31.613059997558594,
            30.26363182067871,
            26.93541717529297
        ],
        "batch_3": [
            29.726764678955078,
            27.69209098815918,
            26.72453498840332
        ],
        "batch_4": [
            32.64810562133789,
            31.775522232055664,
            25.887096405029297
        ],
        "batch_5": [
            29.865253448486328,
            30.235633850097656,
            24.47188377380371
        ],
        "batch_6": [
            30.124650955200195,
            27.825916290283203,
            27.854732513427734
        ],
        "batch_7": [
            32.83112335205078,
            30.858266830444336,
            26.923601150512695
        ],
        "batch_8": [
            30.4746036529541,
            29.074216842651367,
            26.884946823120117
        ],
        "batch_9": [
            34.097328186035156,
            30.892507553100586,
            26.38933753967285
        ]
    },
    "fusion": {
        "batch_0": [
            5.137157440185547,
            4.817571640014648,
            4.340816020965576
        ],
        "batch_1": [
            5.032242774963379,
            4.80744743347168,
            4.548490524291992
        ],
        "batch_2": [
            5.1561808586120605,
            4.651705741882324,
            4.441037178039551
        ],
        "batch_3": [
            5.035955905914307,
            4.57888650894165,
            4.386114597320557
        ],
        "batch_4": [
            5.123520851135254,
            4.658177852630615,
            4.40267276763916
        ],
        "batch_5": [
            5.083134651184082,
            4.693516254425049,
            4.503840923309326
        ],
        "batch_6": [
            5.062338829040527,
            4.626782417297363,
            4.424365997314453
        ],
        "batch_7": [
            5.147214412689209,
            4.6217827796936035,
            4.419912815093994
        ],
        "batch_8": [
            5.0250654220581055,
            4.667433261871338,
            4.402713298797607
        ],
        "batch_9": [
            5.001169204711914,
            4.700918197631836,
            4.318761348724365
        ]
    }
}