{
    "parent1": {
        "batch_0": 1044.4218139648438,
        "batch_1": 983.5607830545176,
        "batch_2": 1061.5300616096047,
        "batch_3": 1148.192373422476,
        "batch_4": 999.3877397017045,
        "batch_5": 954.0706909179687,
        "batch_6": 1074.795576615767,
        "batch_7": 1084.292081705729,
        "batch_8": 1110.3736572265625,
        "batch_9": 1043.3323364257812
    },
    "parent2": {
        "batch_0": 1182.8663533528645,
        "batch_1": 1177.7352797564338,
        "batch_2": 1164.8475219726563,
        "batch_3": 1070.0399451622595,
        "batch_4": 1088.4109818307977,
        "batch_5": 1109.114618474787,
        "batch_6": 1111.2580827985491,
        "batch_7": 1254.0310465494792,
        "batch_8": 1133.143716430664,
        "batch_9": 1181.947998046875
    },
    "fusion": {
        "batch_0": 113.45045068528917,
        "batch_1": 133.6195250579289,
        "batch_2": 117.82744244871468,
        "batch_3": 135.02450684138708,
        "batch_4": 124.00276620047433,
        "batch_5": 127.18074862162273,
        "batch_6": 118.26121988637107,
        "batch_7": 107.19100444721725,
        "batch_8": 126.52365053401275,
        "batch_9": 135.6392093234592
    }
}