{
    "parent1": {
        "batch_0": [
            0.2918230891227722,
            -0.2821411192417145,
            0.270468145608902
        ],
        "batch_1": [
            -0.19002287089824677,
            -0.30986684560775757,
            0.29707494378089905
        ],
        "batch_2": [
            0.32887110114097595,
            -0.30218249559402466,
            -0.28000304102897644
        ],
        "batch_3": [
            0.29704585671424866,
            -0.2887405455112457,
            0.24170537292957306
        ],
        "batch_4": [
            -0.2869851589202881,
            0.29502883553504944,
            0.09065104275941849
        ],
        "batch_5": [
            0.28951704502105713,
            -0.2133556455373764,
            -0.2553013563156128
        ],
        "batch_6": [
            -0.3148461878299713,
            0.30212706327438354,
            0.273620069026947
        ],
        "batch_7": [
            -0.042934171855449677,
            0.27747344970703125,
            -0.2685481309890747
        ],
        "batch_8": [
            0.32230937480926514,
            -0.17521925270557404,
            -0.2789440155029297
        ],
        "batch_9": [
            0.16751894354820251,
            0.25109851360321045,
            0.256581574678421
        ]
    },
    "parent2": {
        "batch_0": [
            0.20072241127490997,
            -0.1863556057214737,
            0.23567001521587372
        ],
        "batch_1": [
            0.2692066431045532,
            -0.2608669102191925,
            0.027724817395210266
        ],
        "batch_2": [
            -0.04751718416810036,
            -0.20170427858829498,
            0.21929433941841125
        ],
        "batch_3": [
            0.2794501483440399,
            -0.25433021783828735,
            0.18811553716659546
        ],
        "batch_4": [
            0.2810823321342468,
            -0.26959747076034546,
            0.2518923580646515
        ],
        "batch_5": [
            -0.2536033093929291,
            0.253733366727829,
            0.23605726659297943
        ],
        "batch_6": [
            0.2798650860786438,
            -0.2640378475189209,
            -0.21536001563072205
        ],
        "batch_7": [
            0.26137980818748474,
            -0.24932801723480225,
            0.2315647453069687
        ],
        "batch_8": [
            -0.28157171607017517,
            0.27468329668045044,
            0.25356346368789673
        ],
        "batch_9": [
            0.2807843089103699,
            -0.2707325220108032,
            0.1256803572177887
        ]
    },
    "fusion_initial": {
        "batch_0": [
            0.2860863506793976,
            -0.2691227197647095,
            0.12615859508514404
        ],
        "batch_1": [
            0.1974107325077057,
            -0.2692171335220337,
            0.26888787746429443
        ],
        "batch_2": [
            0.2584332525730133,
            -0.25129491090774536,
            0.26937174797058105
        ],
        "batch_3": [
            0.2909312844276428,
            -0.2669737935066223,
            0.2588299512863159
        ],
        "batch_4": [
            0.13129928708076477,
            0.27714061737060547,
            -0.27017292380332947
        ],
        "batch_5": [
            0.27266985177993774,
            -0.256792277097702,
            0.23414988815784454
        ],
        "batch_6": [
            0.28475943207740784,
            -0.27137792110443115,
            0.25370290875434875
        ],
        "batch_7": [
            0.3035256564617157,
            -0.2855474650859833,
            -0.21811264753341675
        ],
        "batch_8": [
            -0.28484857082366943,
            0.29420948028564453,
            -0.2679467797279358
        ],
        "batch_9": [
            -0.20645086467266083,
            0.29217731952667236,
            -0.28464633226394653
        ]
    },
    "fusion_retrained": {
        "batch_0": [
            76.14823913574219,
            65.38899993896484,
            62.955074310302734
        ],
        "batch_1": [
            68.36648559570312,
            63.82000732421875,
            53.30183029174805
        ],
        "batch_2": [
            72.68187713623047,
            66.38555908203125,
            57.216819763183594
        ],
        "batch_3": [
            68.19822692871094,
            69.19338989257812,
            63.10071563720703
        ],
        "batch_4": [
            73.64781951904297,
            66.01055145263672,
            61.32086944580078
        ],
        "batch_5": [
            75.65098571777344,
            66.02127838134766,
            61.166622161865234
        ],
        "batch_6": [
            79.15480041503906,
            67.3979263305664,
            61.842079162597656
        ],
        "batch_7": [
            72.65120697021484,
            67.17684936523438,
            59.29757308959961
        ],
        "batch_8": [
            72.33287048339844,
            73.09012603759766,
            62.041259765625
        ],
        "batch_9": [
            69.30940246582031,
            65.69137573242188,
            60.398494720458984
        ]
    }
}