{
    "parent1": {
        "batch_0": 2.0558717537809303,
        "batch_1": 1.4488643141169297,
        "batch_2": 2.2507544982146066,
        "batch_3": 0.07819304883480072,
        "batch_4": 2.055899312783932,
        "batch_5": 1.7706193291190742,
        "batch_6": 1.6750677479803562,
        "batch_7": 0.9618245170610707,
        "batch_8": 1.2101100204246384,
        "batch_9": 1.401898493490568
    },
    "parent2": {
        "batch_0": 1.4000731360581187,
        "batch_1": 0.6394616175781597,
        "batch_2": 1.561748604774475,
        "batch_3": 0.7948879698912302,
        "batch_4": 1.7273893753687541,
        "batch_5": 1.0105208307504654,
        "batch_6": 0.9425538524985313,
        "batch_7": 1.0442058358152033,
        "batch_8": 1.5804645735025407,
        "batch_9": 1.7291617434133182
    },
    "fusion_initial": {
        "batch_0": 2.221161674421567,
        "batch_1": 1.5102106197737157,
        "batch_2": 2.4347762248732825,
        "batch_3": 1.3081495554463283,
        "batch_4": 1.4389370102868524,
        "batch_5": 0.8164240559935569,
        "batch_6": 1.096529891093572,
        "batch_7": 1.994155847109281,
        "batch_8": 1.6946477425098418,
        "batch_9": 1.5821621199319889
    },
    "fusion_retrained": {
        "batch_0": 6023.537780761719,
        "batch_1": 5659.53662109375,
        "batch_2": 5989.4530029296875,
        "batch_3": 6125.2732496995195,
        "batch_4": 6227.6066487630205,
        "batch_5": 6278.4287109375,
        "batch_6": 5961.83154296875,
        "batch_7": 5749.8826090494795,
        "batch_8": 5778.768528988487,
        "batch_9": 5813.053173828125
    }
}