{
    "parent1": {
        "batch_0": [
            66.32452392578125,
            50.53427505493164,
            46.14204025268555
        ],
        "batch_1": [
            61.28365707397461,
            46.55060958862305,
            40.15069580078125
        ],
        "batch_2": [
            61.81953811645508,
            47.9428825378418,
            42.95880889892578
        ],
        "batch_3": [
            62.18878173828125,
            47.9675407409668,
            42.59965133666992
        ],
        "batch_4": [
            71.8914794921875,
            51.32103729248047,
            45.07835006713867
        ],
        "batch_5": [
            66.24411010742188,
            48.08328628540039,
            42.19528579711914
        ],
        "batch_6": [
            69.36033630371094,
            48.36677932739258,
            46.21647644042969
        ],
        "batch_7": [
            62.82125473022461,
            45.539852142333984,
            42.88545227050781
        ],
        "batch_8": [
            60.5899772644043,
            43.27935791015625,
            40.56965637207031
        ],
        "batch_9": [
            60.13642501831055,
            49.91730880737305,
            42.56962966918945
        ]
    },
    "parent2": {
        "batch_0": [
            54.51668930053711,
            43.346858978271484,
            42.064720153808594
        ],
        "batch_1": [
            54.41046142578125,
            47.94346237182617,
            44.390052795410156
        ],
        "batch_2": [
            57.263858795166016,
            47.92317581176758,
            49.97662353515625
        ],
        "batch_3": [
            54.33315658569336,
            46.60279846191406,
            41.76107406616211
        ],
        "batch_4": [
            54.36758041381836,
            51.11370086669922,
            45.24689483642578
        ],
        "batch_5": [
            53.77968215942383,
            51.3107795715332,
            44.66233825683594
        ],
        "batch_6": [
            52.02052688598633,
            49.137542724609375,
            45.820377349853516
        ],
        "batch_7": [
            55.491111755371094,
            50.21357345581055,
            47.4650764465332
        ],
        "batch_8": [
            52.46843338012695,
            47.829994201660156,
            42.634178161621094
        ],
        "batch_9": [
            57.01084899902344,
            48.13774871826172,
            43.334747314453125
        ]
    },
    "fusion_initial": {
        "batch_0": [
            6.795346736907959,
            5.354457378387451,
            5.272406578063965
        ],
        "batch_1": [
            7.2951436042785645,
            5.843665599822998,
            5.4863128662109375
        ],
        "batch_2": [
            6.684915542602539,
            5.458400249481201,
            5.1309494972229
        ],
        "batch_3": [
            6.910289287567139,
            5.517082214355469,
            5.278655529022217
        ],
        "batch_4": [
            6.865141868591309,
            5.489684104919434,
            5.153014659881592
        ],
        "batch_5": [
            6.710819244384766,
            5.336768627166748,
            5.163404941558838
        ],
        "batch_6": [
            6.788806915283203,
            5.264334201812744,
            5.36370849609375
        ],
        "batch_7": [
            6.8589768409729,
            5.590932369232178,
            5.3672099113464355
        ],
        "batch_8": [
            6.929370403289795,
            5.5173540115356445,
            5.203614711761475
        ],
        "batch_9": [
            6.762925624847412,
            5.255531311035156,
            5.181547164916992
        ]
    },
    "fusion_retrained": {
        "batch_0": [
            -0.012721107341349125,
            0.012807144783437252,
            0.01137262862175703
        ],
        "batch_1": [
            0.0005602212622761726,
            -0.012078587897121906,
            -0.009115536697208881
        ],
        "batch_2": [
            0.024943452328443527,
            -0.024839326739311218,
            -0.005261185113340616
        ],
        "batch_3": [
            0.02025376446545124,
            -0.020216772332787514,
            -0.005825052969157696
        ],
        "batch_4": [
            0.018743909895420074,
            -0.018595904111862183,
            0.0056212772615253925
        ],
        "batch_5": [
            0.006478613242506981,
            -0.006443419028073549,
            -0.005925697740167379
        ],
        "batch_6": [
            0.012959915213286877,
            -0.014272169210016727,
            -0.013163727708160877
        ],
        "batch_7": [
            0.009877480566501617,
            -0.009841504506766796,
            -0.00740710599347949
        ],
        "batch_8": [
            0.007419958710670471,
            0.010084390640258789,
            -0.009884616360068321
        ],
        "batch_9": [
            -0.016748452559113503,
            0.01446506753563881,
            0.010348081588745117
        ]
    }
}