{
    "parent1": {
        "batch_0": 1851.83037109375,
        "batch_1": 1579.2093130258413,
        "batch_2": 1474.5311373197114,
        "batch_3": 1639.600562686012,
        "batch_4": 1861.1253458658855,
        "batch_5": 1584.1181787109374,
        "batch_6": 1597.7011149088542,
        "batch_7": 1483.2995361328126,
        "batch_8": 1577.9203470164332,
        "batch_9": 1555.3680928548176
    },
    "parent2": {
        "batch_0": 1287.6318969726562,
        "batch_1": 1572.8166731013807,
        "batch_2": 1511.9266357421875,
        "batch_3": 1417.5666809082031,
        "batch_4": 1576.507373046875,
        "batch_5": 1700.0537923177083,
        "batch_6": 1645.306005859375,
        "batch_7": 1672.497509765625,
        "batch_8": 1517.5760192871094,
        "batch_9": 1530.7795817057292
    },
    "fusion_initial": {
        "batch_0": 139.66375336280237,
        "batch_1": 139.1776095414773,
        "batch_2": 129.11836665017265,
        "batch_3": 138.58092324998643,
        "batch_4": 124.87235373920865,
        "batch_5": 115.75769114494324,
        "batch_6": 119.31544548034668,
        "batch_7": 153.04645919799805,
        "batch_8": 151.79568734823488,
        "batch_9": 133.81655926400043
    },
    "fusion_retrained": {
        "batch_0": 0.0034000201355956963,
        "batch_1": -0.00037973603932186964,
        "batch_2": 0.012154939754579503,
        "batch_3": 0.006050932376335065,
        "batch_4": -0.0004449193578329869,
        "batch_5": -0.0014979690127074718,
        "batch_6": -0.0029195796197745948,
        "batch_7": -0.004971200718428008,
        "batch_8": -0.006465184942410305,
        "batch_9": 0.002243832328240387
    }
}