{
    "parent1": {
        "batch_0": [
            35.354251861572266,
            30.15037727355957,
            26.685667037963867
        ],
        "batch_1": [
            35.785614013671875,
            30.275156021118164,
            25.51947593688965
        ],
        "batch_2": [
            34.874481201171875,
            29.240373611450195,
            24.990257263183594
        ],
        "batch_3": [
            33.787872314453125,
            29.21398162841797,
            24.706655502319336
        ],
        "batch_4": [
            37.21076202392578,
            28.582067489624023,
            26.06069564819336
        ],
        "batch_5": [
            35.26738739013672,
            31.437210083007812,
            28.144685745239258
        ],
        "batch_6": [
            35.694091796875,
            30.770856857299805,
            27.35704803466797
        ],
        "batch_7": [
            37.55718994140625,
            29.414546966552734,
            26.096206665039062
        ],
        "batch_8": [
            35.86919021606445,
            30.211021423339844,
            26.507932662963867
        ],
        "batch_9": [
            34.04924392700195,
            29.050289154052734,
            25.0839900970459
        ]
    },
    "parent2": {
        "batch_0": [
            39.421546936035156,
            27.191293716430664,
            22.184932708740234
        ],
        "batch_1": [
            44.427001953125,
            26.8454532623291,
            24.079259872436523
        ],
        "batch_2": [
            41.97584533691406,
            27.32810401916504,
            23.850374221801758
        ],
        "batch_3": [
            43.29096221923828,
            26.342510223388672,
            24.82923126220703
        ],
        "batch_4": [
            42.60329818725586,
            26.517822265625,
            24.399126052856445
        ],
        "batch_5": [
            41.41190719604492,
            27.59142303466797,
            23.5279483795166
        ],
        "batch_6": [
            42.42876052856445,
            27.646690368652344,
            23.884796142578125
        ],
        "batch_7": [
            42.26914596557617,
            28.67939567565918,
            24.18698501586914
        ],
        "batch_8": [
            38.06581115722656,
            27.00729751586914,
            23.534378051757812
        ],
        "batch_9": [
            42.15568542480469,
            27.610902786254883,
            24.266977310180664
        ]
    },
    "fusion_initial": {
        "batch_0": [
            3.6599979400634766,
            -2.7746033668518066,
            -1.4645533561706543
        ],
        "batch_1": [
            3.8360519409179688,
            2.49702525138855,
            -0.4538419246673584
        ],
        "batch_2": [
            3.539855480194092,
            2.24367094039917,
            1.620858073234558
        ],
        "batch_3": [
            3.7278192043304443,
            -2.9488418102264404,
            3.1836700439453125
        ],
        "batch_4": [
            3.555201768875122,
            3.077874183654785,
            2.974820375442505
        ],
        "batch_5": [
            3.5832812786102295,
            3.046056032180786,
            -2.9385061264038086
        ],
        "batch_6": [
            3.5497636795043945,
            3.0680184364318848,
            -2.9542324542999268
        ],
        "batch_7": [
            3.8511531352996826,
            -3.4008889198303223,
            3.3973441123962402
        ],
        "batch_8": [
            3.634730577468872,
            3.2876250743865967,
            -3.1995861530303955
        ],
        "batch_9": [
            3.614983558654785,
            3.15504789352417,
            2.026798725128174
        ]
    },
    "fusion_retrained": {
        "batch_0": [
            0.0,
            0.0,
            0.0
        ],
        "batch_1": [
            0.0,
            0.0,
            0.0
        ],
        "batch_2": [
            0.0,
            0.0,
            0.0
        ],
        "batch_3": [
            0.0,
            0.0,
            0.0
        ],
        "batch_4": [
            0.0,
            0.0,
            0.0
        ],
        "batch_5": [
            0.0,
            0.0,
            0.0
        ],
        "batch_6": [
            0.0,
            0.0,
            0.0
        ],
        "batch_7": [
            0.0,
            0.0,
            0.0
        ],
        "batch_8": [
            0.0,
            0.0,
            0.0
        ],
        "batch_9": [
            0.0,
            0.0,
            0.0
        ]
    }
}