{
    "parent1": {
        "batch_0": 827.8279215494791,
        "batch_1": 889.5045166015625,
        "batch_2": 821.768319936899,
        "batch_3": 900.3594125600962,
        "batch_4": 807.427236703726,
        "batch_5": 919.151710061466,
        "batch_6": 907.0124830163044,
        "batch_7": 859.0836870242388,
        "batch_8": 924.1123657226562,
        "batch_9": 782.7406382841223
    },
    "parent2": {
        "batch_0": 763.6757602033944,
        "batch_1": 749.3360493977865,
        "batch_2": 743.335194905599,
        "batch_3": 733.0833276367188,
        "batch_4": 867.5499084472656,
        "batch_5": 703.1378969134706,
        "batch_6": 746.1905951866737,
        "batch_7": 755.9014506022136,
        "batch_8": 738.3294677734375,
        "batch_9": 783.7722710503472
    },
    "fusion_initial": {
        "batch_0": 23.168049714565278,
        "batch_1": 24.702498093247414,
        "batch_2": 20.958154704835678,
        "batch_3": 27.143022138139475,
        "batch_4": 31.197707930405933,
        "batch_5": 29.702077858302058,
        "batch_6": 27.07908114876066,
        "batch_7": 34.88477141592238,
        "batch_8": 32.75643863528967,
        "batch_9": 31.010913288593294
    },
    "fusion_retrained": {
        "batch_0": 0.0,
        "batch_1": 0.0,
        "batch_2": 0.0,
        "batch_3": 0.0,
        "batch_4": 0.0,
        "batch_5": 0.0,
        "batch_6": 0.0,
        "batch_7": 0.0,
        "batch_8": 0.0,
        "batch_9": 0.0
    }
}