{
    "parent1": {
        "batch_0": [
            541.8222045898438,
            432.4349060058594,
            320.9264221191406
        ],
        "batch_1": [
            558.0968627929688,
            410.4518127441406,
            297.4034118652344
        ],
        "batch_2": [
            533.2742919921875,
            397.08013916015625,
            322.6188049316406
        ],
        "batch_3": [
            560.9696655273438,
            385.55859375,
            330.9823913574219
        ],
        "batch_4": [
            560.7785034179688,
            400.0246887207031,
            314.5173645019531
        ],
        "batch_5": [
            525.4505004882812,
            409.9571838378906,
            296.44488525390625
        ],
        "batch_6": [
            510.87994384765625,
            404.79962158203125,
            302.08673095703125
        ],
        "batch_7": [
            529.9795532226562,
            366.60980224609375,
            320.3855895996094
        ],
        "batch_8": [
            540.946533203125,
            391.7323303222656,
            320.06109619140625
        ],
        "batch_9": [
            509.3985290527344,
            383.8941345214844,
            298.9529113769531
        ]
    },
    "parent2": {
        "batch_0": [
            1028.7174072265625,
            425.7289123535156,
            316.1269836425781
        ],
        "batch_1": [
            990.283447265625,
            409.90264892578125,
            302.3407287597656
        ],
        "batch_2": [
            1082.6573486328125,
            426.9422607421875,
            308.28070068359375
        ],
        "batch_3": [
            1023.14599609375,
            420.17510986328125,
            313.59454345703125
        ],
        "batch_4": [
            1039.353271484375,
            461.95751953125,
            337.8533630371094
        ],
        "batch_5": [
            1001.7933349609375,
            435.01751708984375,
            313.1489562988281
        ],
        "batch_6": [
            1033.145751953125,
            421.96929931640625,
            314.0063171386719
        ],
        "batch_7": [
            1087.365234375,
            426.57281494140625,
            321.3006591796875
        ],
        "batch_8": [
            963.8756103515625,
            418.5540771484375,
            315.1300964355469
        ],
        "batch_9": [
            1019.8433837890625,
            428.3406982421875,
            314.0722961425781
        ]
    },
    "fusion_initial": {
        "batch_0": [
            54.47058868408203,
            30.97300910949707,
            26.341758728027344
        ],
        "batch_1": [
            57.00013732910156,
            32.15449905395508,
            28.318336486816406
        ],
        "batch_2": [
            54.634151458740234,
            30.12670135498047,
            27.009414672851562
        ],
        "batch_3": [
            55.29963302612305,
            30.62078857421875,
            27.661943435668945
        ],
        "batch_4": [
            53.92564392089844,
            30.070825576782227,
            26.93567657470703
        ],
        "batch_5": [
            52.99089813232422,
            29.868444442749023,
            26.899883270263672
        ],
        "batch_6": [
            53.737701416015625,
            31.046308517456055,
            26.560226440429688
        ],
        "batch_7": [
            52.84031677246094,
            31.150598526000977,
            26.558279037475586
        ],
        "batch_8": [
            53.40904998779297,
            29.911678314208984,
            26.769363403320312
        ],
        "batch_9": [
            53.70853042602539,
            30.6038761138916,
            27.17662239074707
        ]
    },
    "fusion_retrained": {
        "batch_0": [
            50.700279235839844,
            42.290496826171875,
            39.99614334106445
        ],
        "batch_1": [
            43.62264633178711,
            41.38851547241211,
            38.07238006591797
        ],
        "batch_2": [
            45.93613815307617,
            42.456398010253906,
            41.23594284057617
        ],
        "batch_3": [
            40.48929214477539,
            38.402713775634766,
            36.26844787597656
        ],
        "batch_4": [
            43.2390251159668,
            39.49083709716797,
            32.049686431884766
        ],
        "batch_5": [
            52.42766571044922,
            42.6934928894043,
            38.298545837402344
        ],
        "batch_6": [
            47.60545349121094,
            42.345211029052734,
            39.865333557128906
        ],
        "batch_7": [
            48.0268440246582,
            38.47610855102539,
            38.07609558105469
        ],
        "batch_8": [
            46.36396789550781,
            44.69866943359375,
            41.33369827270508
        ],
        "batch_9": [
            53.041709899902344,
            48.10466384887695,
            41.81386947631836
        ]
    }
}