{
    "parent1": {
        "batch_0": 4713.8529296875,
        "batch_1": 4972.579119001116,
        "batch_2": 4700.475830078125,
        "batch_3": 5251.041910807292,
        "batch_4": 4884.492222377232,
        "batch_5": 4576.796840667725,
        "batch_6": 4416.988490513393,
        "batch_7": 4936.719375610352,
        "batch_8": 4384.692985288559,
        "batch_9": 4583.445399693081
    },
    "parent2": {
        "batch_0": 5486.6261371813325,
        "batch_1": 5088.05392964681,
        "batch_2": 5422.287017822266,
        "batch_3": 5473.210673828125,
        "batch_4": 5503.463032384073,
        "batch_5": 5587.473983764648,
        "batch_6": 4838.660238647461,
        "batch_7": 4239.559606933593,
        "batch_8": 5469.256357828776,
        "batch_9": 5052.220287426098
    },
    "fusion_initial": {
        "batch_0": 446.04836018880206,
        "batch_1": 498.49862773998365,
        "batch_2": 463.55624220106336,
        "batch_3": 337.32007044011897,
        "batch_4": 393.12495676676434,
        "batch_5": 406.54570982191296,
        "batch_6": 470.05048243204754,
        "batch_7": 473.8921127319336,
        "batch_8": 440.41321855432847,
        "batch_9": 359.41672478952717
    },
    "fusion_retrained": {
        "batch_0": 1484.4084167480469,
        "batch_1": 1400.5842417124156,
        "batch_2": 1424.1655970982142,
        "batch_3": 1390.8787434895833,
        "batch_4": 1411.5074191623264,
        "batch_5": 1404.0919825236003,
        "batch_6": 1505.93759765625,
        "batch_7": 1392.3978118896484,
        "batch_8": 1515.1944580078125,
        "batch_9": 1459.4073961046006
    }
}