{
    "parent1": {
        "batch_0": [
            1.3480443954467773,
            1.1119930744171143,
            1.0553141832351685
        ],
        "batch_1": [
            1.342161774635315,
            1.1305595636367798,
            1.0751625299453735
        ],
        "batch_2": [
            1.2700626850128174,
            1.028411865234375,
            1.062529444694519
        ],
        "batch_3": [
            1.2484925985336304,
            1.0431864261627197,
            1.0236629247665405
        ],
        "batch_4": [
            1.2943623065948486,
            1.0636100769042969,
            1.0521061420440674
        ],
        "batch_5": [
            1.044753909111023,
            1.2306796312332153,
            0.9705011248588562
        ],
        "batch_6": [
            1.344558835029602,
            1.0995715856552124,
            1.0476053953170776
        ],
        "batch_7": [
            1.2573295831680298,
            1.0127227306365967,
            1.059596061706543
        ],
        "batch_8": [
            1.3427114486694336,
            1.14578378200531,
            1.0631496906280518
        ],
        "batch_9": [
            1.3288514614105225,
            1.1003004312515259,
            1.0805275440216064
        ]
    },
    "parent2": {
        "batch_0": [
            1.1654735803604126,
            0.9518539309501648,
            0.9078713655471802
        ],
        "batch_1": [
            1.1576844453811646,
            0.9355306625366211,
            0.9019004106521606
        ],
        "batch_2": [
            1.2094749212265015,
            0.9853506684303284,
            -0.7660126686096191
        ],
        "batch_3": [
            1.1499271392822266,
            0.9521446824073792,
            0.9135372638702393
        ],
        "batch_4": [
            1.230919361114502,
            1.0464897155761719,
            -0.8488433361053467
        ],
        "batch_5": [
            1.1645796298980713,
            0.9341729879379272,
            0.893135666847229
        ],
        "batch_6": [
            1.199904203414917,
            0.9740628600120544,
            0.923043966293335
        ],
        "batch_7": [
            1.110640525817871,
            0.9175158143043518,
            0.8646351099014282
        ],
        "batch_8": [
            1.1870412826538086,
            0.9810079336166382,
            0.0713648796081543
        ],
        "batch_9": [
            1.1939091682434082,
            0.9542393088340759,
            0.4059165418148041
        ]
    },
    "fusion_initial": {
        "batch_0": [
            1.205763816833496,
            1.0329174995422363,
            0.9779897928237915
        ],
        "batch_1": [
            1.2365777492523193,
            1.0498414039611816,
            0.9732146263122559
        ],
        "batch_2": [
            1.2088513374328613,
            1.0068066120147705,
            0.9482620358467102
        ],
        "batch_3": [
            1.2310374975204468,
            0.9962881803512573,
            0.9606407284736633
        ],
        "batch_4": [
            1.2665586471557617,
            1.0509010553359985,
            1.0254002809524536
        ],
        "batch_5": [
            1.2019926309585571,
            1.004866123199463,
            0.9472547173500061
        ],
        "batch_6": [
            1.2388577461242676,
            1.045630693435669,
            0.9752090573310852
        ],
        "batch_7": [
            1.2636959552764893,
            1.0711508989334106,
            0.9965314269065857
        ],
        "batch_8": [
            1.2000136375427246,
            0.9445725679397583,
            0.9586571455001831
        ],
        "batch_9": [
            1.252612590789795,
            1.0091346502304077,
            1.0042845010757446
        ]
    },
    "fusion_retrained": {
        "batch_0": [
            76.01329040527344,
            73.94442749023438,
            69.0675277709961
        ],
        "batch_1": [
            70.22603607177734,
            69.13372802734375,
            71.71749877929688
        ],
        "batch_2": [
            79.24866485595703,
            70.23737335205078,
            75.84902954101562
        ],
        "batch_3": [
            74.5953140258789,
            72.92597198486328,
            68.22010040283203
        ],
        "batch_4": [
            82.68592071533203,
            76.6434555053711,
            73.9652328491211
        ],
        "batch_5": [
            76.37554168701172,
            81.64617919921875,
            74.00768280029297
        ],
        "batch_6": [
            75.24434661865234,
            72.47534942626953,
            66.05831909179688
        ],
        "batch_7": [
            71.59781646728516,
            70.12495422363281,
            63.89421081542969
        ],
        "batch_8": [
            77.80233764648438,
            74.71652221679688,
            70.51744842529297
        ],
        "batch_9": [
            72.58722686767578,
            70.80619812011719,
            67.32903289794922
        ]
    }
}