{
    "parent1": {
        "batch_0": 31.83483729362488,
        "batch_1": 30.720756100673302,
        "batch_2": 31.184101916648245,
        "batch_3": 34.693423581123355,
        "batch_4": 37.17924442887306,
        "batch_5": 32.255392287716724,
        "batch_6": 38.27109179777258,
        "batch_7": 31.00704739491145,
        "batch_8": 34.25130853137455,
        "batch_9": 31.12651439335035
    },
    "parent2": {
        "batch_0": 21.120374716818333,
        "batch_1": 26.307221669071126,
        "batch_2": 26.074790239334106,
        "batch_3": 29.360809584458668,
        "batch_4": 26.834598805453325,
        "batch_5": 29.827595660729067,
        "batch_6": 23.66490675508976,
        "batch_7": 31.284541873931886,
        "batch_8": 28.415027260780334,
        "batch_9": 25.937773397990636
    },
    "fusion_initial": {
        "batch_0": 35.76978498035007,
        "batch_1": 36.893862887432704,
        "batch_2": 23.271126810385255,
        "batch_3": 27.653735927913498,
        "batch_4": 28.08693923372211,
        "batch_5": 29.028194799352047,
        "batch_6": 28.050860853756177,
        "batch_7": 33.84444920944445,
        "batch_8": 28.17358520156459,
        "batch_9": 29.56462970532869
    },
    "fusion_retrained": {
        "batch_0": 6341.161539713542,
        "batch_1": 5985.107747395833,
        "batch_2": 6416.449009486607,
        "batch_3": 6215.7183837890625,
        "batch_4": 6479.119720458984,
        "batch_5": 6854.561479048295,
        "batch_6": 6269.891650390625,
        "batch_7": 6079.298187255859,
        "batch_8": 6335.195475260417,
        "batch_9": 6171.070638020833
    }
}