{
    "parent1": {
        "batch_0": [
            7.751338005065918,
            6.990052223205566,
            6.064753532409668
        ],
        "batch_1": [
            8.909211158752441,
            8.76181411743164,
            7.304405212402344
        ],
        "batch_2": [
            8.394135475158691,
            7.0109477043151855,
            5.914221286773682
        ],
        "batch_3": [
            7.815463066101074,
            6.640827178955078,
            6.3682475090026855
        ],
        "batch_4": [
            11.730781555175781,
            7.9239182472229,
            7.7399373054504395
        ],
        "batch_5": [
            10.162060737609863,
            6.430071830749512,
            6.8050537109375
        ],
        "batch_6": [
            8.413108825683594,
            6.804122447967529,
            6.611453056335449
        ],
        "batch_7": [
            8.291365623474121,
            7.840666770935059,
            6.564478397369385
        ],
        "batch_8": [
            7.725186347961426,
            6.656977653503418,
            6.745981693267822
        ],
        "batch_9": [
            10.152473449707031,
            7.433810710906982,
            6.431187629699707
        ],
        "batch_10": [
            8.788832664489746,
            7.988248348236084,
            6.729928493499756
        ],
        "batch_11": [
            7.104700088500977,
            6.495938301086426,
            6.466339111328125
        ],
        "batch_12": [
            10.378988265991211,
            8.980523109436035,
            8.417096138000488
        ],
        "batch_13": [
            9.538650512695312,
            7.55407190322876,
            8.602932929992676
        ],
        "batch_14": [
            8.367544174194336,
            7.713070869445801,
            6.506886005401611
        ],
        "batch_15": [
            7.322569370269775,
            6.673287391662598,
            5.85633659362793
        ],
        "batch_16": [
            7.850465774536133,
            7.379899024963379,
            6.233022689819336
        ],
        "batch_17": [
            7.688502311706543,
            6.053956031799316,
            5.555593967437744
        ],
        "batch_18": [
            8.737424850463867,
            6.896883487701416,
            6.15608549118042
        ],
        "batch_19": [
            12.18790054321289,
            10.71432113647461,
            9.321333885192871
        ]
    },
    "parent2": {
        "batch_0": [
            9.758892059326172,
            8.52243709564209,
            8.115815162658691
        ],
        "batch_1": [
            9.699952125549316,
            7.859606742858887,
            6.886242866516113
        ],
        "batch_2": [
            10.017382621765137,
            8.440191268920898,
            7.192047595977783
        ],
        "batch_3": [
            10.88271427154541,
            10.296886444091797,
            9.18744945526123
        ],
        "batch_4": [
            15.377738952636719,
            11.411853790283203,
            9.620674133300781
        ],
        "batch_5": [
            9.21300220489502,
            10.931093215942383,
            8.659656524658203
        ],
        "batch_6": [
            12.749100685119629,
            9.030401229858398,
            7.56182861328125
        ],
        "batch_7": [
            9.241227149963379,
            7.861677169799805,
            7.275400638580322
        ],
        "batch_8": [
            9.529266357421875,
            8.095643997192383,
            7.829917907714844
        ],
        "batch_9": [
            14.590889930725098,
            7.489977836608887,
            6.6045684814453125
        ],
        "batch_10": [
            10.066264152526855,
            9.038496017456055,
            7.923419952392578
        ],
        "batch_11": [
            13.437851905822754,
            11.953458786010742,
            10.224844932556152
        ],
        "batch_12": [
            10.212331771850586,
            9.169061660766602,
            8.351073265075684
        ],
        "batch_13": [
            13.138704299926758,
            10.71340274810791,
            9.871808052062988
        ],
        "batch_14": [
            11.281838417053223,
            7.524071216583252,
            7.266567707061768
        ],
        "batch_15": [
            10.53323745727539,
            7.095724105834961,
            6.484135150909424
        ],
        "batch_16": [
            13.272817611694336,
            11.143780708312988,
            9.75704288482666
        ],
        "batch_17": [
            8.772555351257324,
            8.319266319274902,
            7.82506799697876
        ],
        "batch_18": [
            14.371087074279785,
            9.242570877075195,
            7.747775077819824
        ],
        "batch_19": [
            19.244306564331055,
            13.410575866699219,
            11.6643705368042
        ]
    },
    "fusion_initial": {
        "batch_0": [
            1.6835994720458984,
            1.3226251602172852,
            1.0943641662597656
        ],
        "batch_1": [
            1.8314189910888672,
            1.390989065170288,
            1.1226119995117188
        ],
        "batch_2": [
            1.7542502880096436,
            1.3520028591156006,
            1.1331249475479126
        ],
        "batch_3": [
            1.7915914058685303,
            1.3487775325775146,
            1.1461668014526367
        ],
        "batch_4": [
            1.6895033121109009,
            1.2856037616729736,
            1.0691955089569092
        ],
        "batch_5": [
            1.8074952363967896,
            1.3072829246520996,
            1.0765024423599243
        ],
        "batch_6": [
            1.7710946798324585,
            1.3411154747009277,
            1.1332927942276
        ],
        "batch_7": [
            1.7119454145431519,
            1.2766131162643433,
            1.0584583282470703
        ],
        "batch_8": [
            1.7428648471832275,
            1.3110774755477905,
            1.064598798751831
        ],
        "batch_9": [
            1.6431334018707275,
            1.2157151699066162,
            1.0202959775924683
        ],
        "batch_10": [
            1.9236180782318115,
            1.3433817625045776,
            1.1780846118927002
        ],
        "batch_11": [
            1.769741415977478,
            1.3258620500564575,
            1.1111679077148438
        ],
        "batch_12": [
            1.8747268915176392,
            1.358341932296753,
            1.1172244548797607
        ],
        "batch_13": [
            1.8400888442993164,
            1.3837095499038696,
            1.1604262590408325
        ],
        "batch_14": [
            1.7605583667755127,
            1.3229057788848877,
            1.1394163370132446
        ],
        "batch_15": [
            1.7478697299957275,
            1.2523632049560547,
            1.0767385959625244
        ],
        "batch_16": [
            1.8646972179412842,
            1.3764735460281372,
            1.1349668502807617
        ],
        "batch_17": [
            1.3724164962768555,
            1.8472734689712524,
            1.1381354331970215
        ],
        "batch_18": [
            1.7350077629089355,
            1.3587393760681152,
            1.0940039157867432
        ],
        "batch_19": [
            1.8209189176559448,
            1.385333776473999,
            1.1348820924758911
        ]
    },
    "fusion_retrained": {
        "batch_0": [
            12.372249603271484,
            10.509185791015625,
            8.851487159729004
        ],
        "batch_1": [
            12.248712539672852,
            9.813328742980957,
            8.2080659866333
        ],