{
    "parent1": {
        "batch_0": 247.43882703024244,
        "batch_1": 273.3439905503217,
        "batch_2": 282.86077590215774,
        "batch_3": 245.43173108782088,
        "batch_4": 281.00183759416853,
        "batch_5": 220.90726504118547,
        "batch_6": 270.4428280917081,
        "batch_7": 228.13540253815827,
        "batch_8": 260.6523278277853,
        "batch_9": 228.53783813476562,
        "batch_10": 260.16220198006465,
        "batch_11": 215.45024455677378,
        "batch_12": 284.95616149902344,
        "batch_13": 240.83122516500538,
        "batch_14": 253.5296337890625,
        "batch_15": 235.08360414247255,
        "batch_16": 240.83135509490967,
        "batch_17": 229.93317515055338,
        "batch_18": 260.9458971890536,
        "batch_19": 262.56395692091724
    },
    "parent2": {
        "batch_0": 281.80174473353793,
        "batch_1": 288.4712179860761,
        "batch_2": 252.3486042022705,
        "batch_3": 309.5753112792969,
        "batch_4": 297.28177145253056,
        "batch_5": 296.8888556740501,
        "batch_6": 294.6832529703776,
        "batch_7": 252.83575439453125,
        "batch_8": 211.03861236572266,
        "batch_9": 267.5510729980469,
        "batch_10": 311.84471130371094,
        "batch_11": 270.22520212026745,
        "batch_12": 338.30573292267627,
        "batch_13": 312.22589804909444,
        "batch_14": 270.45403045654297,
        "batch_15": 263.57023468017576,
        "batch_16": 301.10980407714845,
        "batch_17": 288.7263894332083,
        "batch_18": 323.7523165616122,
        "batch_19": 265.1777155259076
    },
    "fusion_initial": {
        "batch_0": 35.935274465664016,
        "batch_1": 48.04821910858154,
        "batch_2": 37.93840265274048,
        "batch_3": 42.756107584996656,
        "batch_4": 29.221014499664307,
        "batch_5": 46.01170575618744,
        "batch_6": 25.556021869182587,
        "batch_7": 32.386463148253306,
        "batch_8": 45.92287407981025,
        "batch_9": 37.35430781521014,
        "batch_10": 37.74270456487482,
        "batch_11": 37.89017811314813,
        "batch_12": 42.277251940507156,
        "batch_13": 33.93256693008618,
        "batch_14": 35.8030759871006,
        "batch_15": 34.99728589587741,
        "batch_16": 42.29665648142497,
        "batch_17": 37.32067020437611,
        "batch_18": 37.51542405195014,
        "batch_19": 38.60602453243302
    },
    "fusion_retrained": {
        "batch_0": 343.61944942151086,
        "batch_1": 289.4578148978097,
        "batch_2": 226.36292114257813,
        "batch_3": 302.7598158313382,
        "batch_4": 268.1086730957031,
        "batch_5": 393.82709418402777,
        "batch_6": 246.97974014282227,
        "batch_7": 342.27584584554035,
        "batch_8": 291.80478286743164,
        "batch_9": 295.5103307451521,
        "batch_10": 353.1330503575942,
        "batch_11": 315.2860841493349,
        "batch_12": 266.9340859872323,
        "batch_13": 241.59154401506697,
        "batch_14": 202.93814086914062,
        "batch_15": 368.78102783203127,
        "batch_16": 353.6518597073025,
        "batch_17": 326.490390141805,
        "batch_18": 282.57309997558593,
        "batch_19": 254.2998456453022
    }
}