Parent 1,Parent 2,Fusion
27.928427124023436,32.36434497833252,40.887060546875
26.040514945983887,28.8321533203125,36.256947708129886
23.093087005615235,26.820100021362304,32.201163101196286
