Model,Trace mean,Trace std
Parent 1,1067.4029345720335,47.25489082667276
Parent 2,1155.082340607516,50.87526456226831
Fusion,1305.5468824385293,50.759217476105846
