Parent 1,Parent 2,Fusion
27.92842788696289,32.36434421539307,40.88705711364746
26.04051513671875,28.83215274810791,36.25694694519043
23.09308738708496,26.820102310180665,32.20116291046143
