Model,Trace mean,Trace std
Parent 1,1079.6485777012308,35.8032255118646
Parent 2,1142.3764378739259,62.89960547697025
Fusion,1324.489382615777,85.49663255303247
