{
    "parent1": {
        "batch_0": [
            0.8179498910903931,
            0.6579116582870483,
            -0.5596447587013245
        ],
        "batch_1": [
            0.7412034273147583,
            0.600376546382904,
            0.5522703528404236
        ],
        "batch_2": [
            0.7594648599624634,
            0.6237388849258423,
            -0.3855014741420746
        ],
        "batch_3": [
            0.7476889491081238,
            0.5113508105278015,
            0.583594024181366
        ],
        "batch_4": [
            0.8845810890197754,
            0.6479539275169373,
            -0.572300136089325
        ],
        "batch_5": [
            0.7556843161582947,
            0.5696984529495239,
            -0.5099427103996277
        ],
        "batch_6": [
            0.7528457045555115,
            0.63017338514328,
            -0.32268229126930237
        ],
        "batch_7": [
            0.7752143740653992,
            0.5472713112831116,
            -0.3808291256427765
        ],
        "batch_8": [
            0.8773316740989685,
            0.6604381799697876,
            -0.267010360956192
        ],
        "batch_9": [
            0.8478258848190308,
            0.6794122457504272,
            -0.6133749485015869
        ]
    },
    "parent2": {
        "batch_0": [
            1.1419678926467896,
            0.6302750110626221,
            0.5172061324119568
        ],
        "batch_1": [
            1.1507434844970703,
            0.586223304271698,
            0.5000597238540649
        ],
        "batch_2": [
            1.2038391828536987,
            0.7453328371047974,
            0.6104865074157715
        ],
        "batch_3": [
            1.104157567024231,
            0.6087412238121033,
            0.5051953196525574
        ],
        "batch_4": [
            1.1905473470687866,
            0.6685433983802795,
            0.5661299228668213
        ],
        "batch_5": [
            1.0942587852478027,
            0.6762390732765198,
            0.5654850006103516
        ],
        "batch_6": [
            1.103183388710022,
            0.6514787673950195,
            0.2194654643535614
        ],
        "batch_7": [
            1.0858283042907715,
            0.5738294720649719,
            0.47262853384017944
        ],
        "batch_8": [
            1.0725783109664917,
            0.6928273439407349,
            0.5672286748886108
        ],
        "batch_9": [
            1.2001259326934814,
            0.649011492729187,
            0.5595840811729431
        ]
    },
    "fusion_initial": {
        "batch_0": [
            0.0787750855088234,
            -0.04918688163161278,
            -0.06045544147491455
        ],
        "batch_1": [
            0.08222900331020355,
            -0.07567358016967773,
            0.06439399719238281
        ],
        "batch_2": [
            0.09190550446510315,
            0.02308221533894539,
            -0.0834711492061615
        ],
        "batch_3": [
            0.08482357859611511,
            -0.07761647552251816,
            0.07221503555774689
        ],
        "batch_4": [
            0.08990752696990967,
            -0.07960805296897888,
            0.041165560483932495
        ],
        "batch_5": [
            0.08133727312088013,
            0.01815836690366268,
            -0.06910903006792068
        ],
        "batch_6": [
            0.06627918779850006,
            0.07844661176204681,
            -0.07568316906690598
        ],
        "batch_7": [
            0.0823664516210556,
            -0.0769646167755127,
            0.07457277923822403
        ],
        "batch_8": [
            0.1344083547592163,
            -0.12429159134626389,
            -0.10987987369298935
        ],
        "batch_9": [
            0.07576525211334229,
            -0.07321728020906448,
            -0.05145621299743652
        ]
    },
    "fusion_retrained": {
        "batch_0": [
            53.37923049926758,
            42.014381408691406,
            45.297752380371094
        ],
        "batch_1": [
            48.95090866088867,
            46.2687873840332,
            43.09334945678711
        ],
        "batch_2": [
            52.64546203613281,
            48.33824157714844,
            43.72840118408203
        ],
        "batch_3": [
            46.57351303100586,
            44.71841049194336,
            40.09182357788086
        ],
        "batch_4": [
            47.6983642578125,
            40.747676849365234,
            36.759849548339844
        ],
        "batch_5": [
            50.42707443237305,
            45.033512115478516,
            43.11189270019531
        ],
        "batch_6": [
            53.3748664855957,
            47.99930191040039,
            40.1024284362793
        ],
        "batch_7": [
            55.7154655456543,
            44.286376953125,
            43.61894226074219
        ],
        "batch_8": [
            51.997406005859375,
            44.48030090332031,
            37.25453186035156
        ],
        "batch_9": [
            57.86335372924805,
            53.693233489990234,
            45.88533401489258
        ]
    }
}