{
    "parent1": {
        "batch_0": 2.2945352536439896,
        "batch_1": 2.3807668650150298,
        "batch_2": 2.7191233353316786,
        "batch_3": 4.641559590311611,
        "batch_4": 1.330970128029585,
        "batch_5": 2.6257951239123942,
        "batch_6": 1.841880389912562,
        "batch_7": 3.7113968074321746,
        "batch_8": 2.006305763423443,
        "batch_9": 2.0492334920167923
    },
    "parent2": {
        "batch_0": 4.662831156837697,
        "batch_1": 2.057311325073242,
        "batch_2": 1.5826238373767083,
        "batch_3": 3.5367197146558245,
        "batch_4": 4.13968969095837,
        "batch_5": 3.9450452074860083,
        "batch_6": 3.12211170822382,
        "batch_7": 1.9597303137183189,
        "batch_8": 3.878038045338222,
        "batch_9": 5.484177101742137
    },
    "fusion_initial": {
        "batch_0": 0.3961441825143993,
        "batch_1": -0.054948148336261514,
        "batch_2": -0.0019156494922935963,
        "batch_3": -0.10086595035420778,
        "batch_4": -0.004142817948013544,
        "batch_5": -0.08135769633576274,
        "batch_6": -0.021334675131365655,
        "batch_7": -0.032212715934623375,
        "batch_8": 0.05674247276037932,
        "batch_9": 0.12038871319964528
    },
    "fusion_retrained": {
        "batch_0": 1513.9778849283855,
        "batch_1": 1740.1547790527343,
        "batch_2": 1708.088671875,
        "batch_3": 1642.5549839564733,
        "batch_4": 1310.7271728515625,
        "batch_5": 1580.871826171875,
        "batch_6": 1678.7658221905049,
        "batch_7": 1542.2904616135818,
        "batch_8": 1650.9937511625744,
        "batch_9": 1759.5740452816613
    }
}