{
    "parent1": {
        "batch_0": [
            13.021308898925781,
            11.726350784301758,
            9.587591171264648
        ],
        "batch_1": [
            11.565526962280273,
            10.957971572875977,
            9.433158874511719
        ],
        "batch_2": [
            12.397320747375488,
            8.96580696105957,
            7.953579425811768
        ],
        "batch_3": [
            9.87482738494873,
            9.786839485168457,
            7.967889308929443
        ],
        "batch_4": [
            11.106812477111816,
            10.0173921585083,
            9.161334037780762
        ],
        "batch_5": [
            10.878300666809082,
            7.794922351837158,
            6.903631687164307
        ],
        "batch_6": [
            10.634503364562988,
            10.925753593444824,
            7.985668659210205
        ],
        "batch_7": [
            8.567648887634277,
            8.160022735595703,
            7.478067874908447
        ],
        "batch_8": [
            11.614013671875,
            10.306509017944336,
            9.26602554321289
        ],
        "batch_9": [
            11.246604919433594,
            9.490413665771484,
            8.443807601928711
        ],
        "batch_10": [
            14.429755210876465,
            10.914133071899414,
            10.091694831848145
        ],
        "batch_11": [
            12.294848442077637,
            10.564878463745117,
            8.918205261230469
        ],
        "batch_12": [
            12.976238250732422,
            10.6629056930542,
            9.977222442626953
        ],
        "batch_13": [
            10.704730987548828,
            8.884440422058105,
            8.45980167388916
        ],
        "batch_14": [
            14.468542098999023,
            9.774651527404785,
            9.359502792358398
        ],
        "batch_15": [
            10.175095558166504,
            9.540802955627441,
            8.599424362182617
        ],
        "batch_16": [
            14.486488342285156,
            13.358931541442871,
            8.993796348571777
        ],
        "batch_17": [
            9.438234329223633,
            7.239343643188477,
            7.199038028717041
        ],
        "batch_18": [
            9.202781677246094,
            8.308164596557617,
            8.389768600463867
        ],
        "batch_19": [
            15.703500747680664,
            13.605477333068848,
            13.15272331237793
        ]
    },
    "parent2": {
        "batch_0": [
            13.900450706481934,
            12.07724380493164,
            9.950891494750977
        ],
        "batch_1": [
            11.876693725585938,
            11.32895565032959,
            9.35391616821289
        ],
        "batch_2": [
            13.635775566101074,
            12.242912292480469,
            11.88607120513916
        ],
        "batch_3": [
            13.836045265197754,
            13.833077430725098,
            12.112791061401367
        ],
        "batch_4": [
            13.029412269592285,
            11.762815475463867,
            10.324625968933105
        ],
        "batch_5": [
            19.95977020263672,
            16.57166862487793,
            13.652239799499512
        ],
        "batch_6": [
            16.013425827026367,
            11.82657527923584,
            10.687655448913574
        ],
        "batch_7": [
            13.75503158569336,
            11.673896789550781,
            11.184614181518555
        ],
        "batch_8": [
            12.404861450195312,
            12.441885948181152,
            9.305511474609375
        ],
        "batch_9": [
            11.987674713134766,
            10.867826461791992,
            10.276761054992676
        ],
        "batch_10": [
            15.30424690246582,
            13.494829177856445,
            11.854856491088867
        ],
        "batch_11": [
            14.930866241455078,
            12.116921424865723,
            10.728720664978027
        ],
        "batch_12": [
            19.89847755432129,
            13.217182159423828,
            12.18566608428955
        ],
        "batch_13": [
            16.590030670166016,
            14.905805587768555,
            11.538299560546875
        ],
        "batch_14": [
            13.189820289611816,
            10.618952751159668,
            10.006790161132812
        ],
        "batch_15": [
            13.258252143859863,
            11.285935401916504,
            9.678268432617188
        ],
        "batch_16": [
            15.594396591186523,
            13.80666732788086,
            12.446768760681152
        ],
        "batch_17": [
            12.926405906677246,
            12.095440864562988,
            11.699874877929688
        ],
        "batch_18": [
            16.308334350585938,
            12.339550971984863,
            11.787230491638184
        ],
        "batch_19": [
            17.90046501159668,
            16.44805335998535,
            15.494186401367188
        ]
    },
    "fusion_initial": {
        "batch_0": [
            2.69353985786438,
            0.3542611300945282,
            2.0126023292541504
        ],
        "batch_1": [
            2.886622190475464,
            2.2418086528778076,
            -2.204848051071167
        ],
        "batch_2": [
            2.802645444869995,
            -0.28107163310050964,
            1.8195682764053345
        ],
        "batch_3": [
            2.835770606994629,
            -0.7080845832824707,
            1.622073769569397
        ],
        "batch_4": [
            2.6543407440185547,
            -1.5259780883789062,
            1.4922378063201904
        ],
        "batch_5": [
            2.857832431793213,
            2.258432626724243,
            -2.248757839202881
        ],
        "batch_6": [
            2.733813524246216,
            1.6114355325698853,
            -0.9201471209526062
        ],
        "batch_7": [
            2.7216858863830566,
            2.193758249282837,
            -2.1815919876098633
        ],
        "batch_8": [
            2.6832334995269775,
            2.161128520965576,
            -2.1415932178497314
        ],
        "batch_9": [
            2.5638420581817627,
            1.3819336891174316,
            1.9346764087677002
        ],
        "batch_10": [
            2.9612698554992676,
            1.4995286464691162,
            2.0939786434173584
        ],
        "batch_11": [
            2.7306437492370605,
            1.7716209888458252,
            -2.118675708770752
        ],
        "batch_12": [
            2.977928876876831,
            2.248443841934204,
            -2.2084715366363525
        ],
        "batch_13": [
            2.93540358543396,
            2.295738697052002,
            -2.279857873916626
        ],
        "batch_14": [
            2.851978302001953,
            -1.3779627084732056,
            2.0891530513763428
        ],
        "batch_15": [
            2.7591392993927,
            0.12909270823001862,
            2.203402280807495
        ],
        "batch_16": [
            2.9089083671569824,
            0.5716145038604736,
            2.017838954925537
        ],
        "batch_17": [
            2.896944999694824,
            -1.476884126663208,
            2.1435134410858154
        ],
        "batch_18": [
            2.7340505123138428,
            -1.789130449295044,
            1.9285231828689575
        ],
        "batch_19": [
            2.813215494155884,
            -2.2022545337677,
            2.2413489818573
        ]
    },
    "fusion_retrained": {
        "batch_0": [
            10.959188461303711,
            8.741377830505371,
            8.544231414794922
        ],
        "batch_1": [
            8.39444637298584,
            6.506541728973389,
            6.6540398597717285
        ],