{
    "parent1": {
        "batch_0": 340.5479159884983,
        "batch_1": 358.09347240741437,
        "batch_2": 331.1797572544643,
        "batch_3": 307.5908203125,
        "batch_4": 350.9922045753116,
        "batch_5": 267.1396379470825,
        "batch_6": 317.87274291992185,
        "batch_7": 279.82476537367876,
        "batch_8": 330.18655565049914,
        "batch_9": 335.16115315755206,
        "batch_10": 360.5531637018377,
        "batch_11": 322.8017281924977,
        "batch_12": 388.0611934661865,
        "batch_13": 276.61413710457936,
        "batch_14": 326.08538818359375,
        "batch_15": 311.8222081111028,
        "batch_16": 288.7496572641226,
        "batch_17": 236.87537175958806,
        "batch_18": 316.4414792742048,
        "batch_19": 315.4740524291992
    },
    "parent2": {
        "batch_0": 374.18173828125,
        "batch_1": 344.7595966045673,
        "batch_2": 363.43711344401044,
        "batch_3": 389.85242513020836,
        "batch_4": 361.85443623860675,
        "batch_5": 421.6463843451606,
        "batch_6": 369.50086466471356,
        "batch_7": 365.5270029703776,
        "batch_8": 295.727055867513,
        "batch_9": 370.38294513408954,
        "batch_10": 426.0738961356027,
        "batch_11": 333.97826548985074,
        "batch_12": 427.5574304917279,
        "batch_13": 440.5264073422081,
        "batch_14": 361.8050469292535,
        "batch_15": 379.7846510145399,
        "batch_16": 384.68935267130536,
        "batch_17": 411.57641119706005,
        "batch_18": 398.57593209402904,
        "batch_19": 337.06675288988197
    },
    "fusion_initial": {
        "batch_0": 50.87859510833567,
        "batch_1": 46.284847021102905,
        "batch_2": 52.03133272833941,
        "batch_3": 48.26604341506958,
        "batch_4": 49.19005145697758,
        "batch_5": 46.03079727717808,
        "batch_6": 46.76446068286896,
        "batch_7": 52.517792278406574,
        "batch_8": 42.24639479319254,
        "batch_9": 42.772749683436224,
        "batch_10": 55.4143494784832,
        "batch_11": 52.74176986593949,
        "batch_12": 52.87708078690295,
        "batch_13": 60.46659959516218,
        "batch_14": 54.7609703370503,
        "batch_15": 46.31665557496091,
        "batch_16": 54.225139838344646,
        "batch_17": 60.00019864241282,
        "batch_18": 50.703139255917264,
        "batch_19": 58.168710283611134
    },
    "fusion_retrained": {
        "batch_0": 310.9015808105469,
        "batch_1": 254.0976164681571,
        "batch_2": 242.8220327871817,
        "batch_3": 294.0211973923903,
        "batch_4": 299.31650817871093,
        "batch_5": 333.9826965332031,
        "batch_6": 232.21322631835938,
        "batch_7": 303.05849984975964,
        "batch_8": 222.6429458618164,
        "batch_9": 275.5348931389886,
        "batch_10": 277.5538444519043,
        "batch_11": 295.4504103227095,
        "batch_12": 284.0522221156529,
        "batch_13": 241.37734385899134,
        "batch_14": 200.0347833072438,
        "batch_15": 301.009940677219,
        "batch_16": 351.7834976196289,
        "batch_17": 306.33022594451904,
        "batch_18": 279.9832000732422,
        "batch_19": 223.45014741685657
    }
}