{
    "parent1": {
        "batch_0": [
            5.327432155609131,
            4.963139533996582,
            4.0825958251953125
        ],
        "batch_1": [
            5.6143598556518555,
            4.7099504470825195,
            3.8824527263641357
        ],
        "batch_2": [
            5.786469459533691,
            4.894840717315674,
            3.911637544631958
        ],
        "batch_3": [
            5.212958335876465,
            4.239099025726318,
            3.844999313354492
        ],
        "batch_4": [
            5.243963241577148,
            4.438482284545898,
            3.847414970397949
        ],
        "batch_5": [
            4.932694911956787,
            4.36435079574585,
            3.7656826972961426
        ],
        "batch_6": [
            5.52900505065918,
            4.862762451171875,
            3.870565414428711
        ],
        "batch_7": [
            5.08734130859375,
            3.9872629642486572,
            3.802954912185669
        ],
        "batch_8": [
            5.1952104568481445,
            4.603003025054932,
            3.9707460403442383
        ],
        "batch_9": [
            5.624145030975342,
            4.867546081542969,
            3.9277095794677734
        ]
    },
    "parent2": {
        "batch_0": [
            4.575832843780518,
            4.040319919586182,
            3.3457703590393066
        ],
        "batch_1": [
            4.520615100860596,
            4.102367877960205,
            3.340322732925415
        ],
        "batch_2": [
            4.740545749664307,
            4.428282737731934,
            3.308046340942383
        ],
        "batch_3": [
            4.270455360412598,
            3.6418612003326416,
            3.2738583087921143
        ],
        "batch_4": [
            4.822417259216309,
            4.3101654052734375,
            3.504206895828247
        ],
        "batch_5": [
            4.323929309844971,
            3.677842617034912,
            3.123307228088379
        ],
        "batch_6": [
            4.677548408508301,
            3.845094919204712,
            3.479253053665161
        ],
        "batch_7": [
            4.525059223175049,
            3.840510845184326,
            3.218010902404785
        ],
        "batch_8": [
            4.71334171295166,
            4.256227016448975,
            3.263197183609009
        ],
        "batch_9": [
            4.616040229797363,
            3.820314407348633,
            3.3023922443389893
        ]
    },
    "fusion_initial": {
        "batch_0": [
            5.15400505065918,
            4.349691390991211,
            3.4271955490112305
        ],
        "batch_1": [
            4.583865165710449,
            3.955653667449951,
            3.4824187755584717
        ],
        "batch_2": [
            5.592418193817139,
            4.403703689575195,
            3.6152076721191406
        ],
        "batch_3": [
            5.188929080963135,
            4.460824489593506,
            3.445864677429199
        ],
        "batch_4": [
            4.718358039855957,
            4.164949893951416,
            3.471073627471924
        ],
        "batch_5": [
            4.706108093261719,
            3.355337619781494,
            3.6172115802764893
        ],
        "batch_6": [
            4.733985424041748,
            4.142992973327637,
            3.5780434608459473
        ],
        "batch_7": [
            4.729241371154785,
            4.090261936187744,
            3.4975626468658447
        ],
        "batch_8": [
            5.12925910949707,
            4.522205352783203,
            3.4700698852539062
        ],
        "batch_9": [
            4.808586120605469,
            3.9949917793273926,
            3.576866626739502
        ]
    },
    "fusion_retrained": {
        "batch_0": [
            32.57001876831055,
            32.093544006347656,
            29.953638076782227
        ],
        "batch_1": [
            34.70178985595703,
            30.890182495117188,
            28.2828426361084
        ],
        "batch_2": [
            33.37344741821289,
            31.518449783325195,
            25.947986602783203
        ],
        "batch_3": [
            35.733314514160156,
            32.77349853515625,
            30.021203994750977
        ],
        "batch_4": [
            34.284793853759766,
            34.29554748535156,
            31.455890655517578
        ],
        "batch_5": [
            33.348026275634766,
            33.092918395996094,
            28.19580078125
        ],
        "batch_6": [
            31.78827476501465,
            33.52904510498047,
            28.827510833740234
        ],
        "batch_7": [
            33.0496826171875,
            30.789348602294922,
            29.00920867919922
        ],
        "batch_8": [
            34.307857513427734,
            31.637348175048828,
            28.860759735107422
        ],
        "batch_9": [
            32.717464447021484,
            33.52980041503906,
            29.071414947509766
        ]
    }
}