{
    "parent1": {
        "batch_0": 329.5633679558249,
        "batch_1": 329.63932037353516,
        "batch_2": 335.95365423905224,
        "batch_3": 341.58350865981157,
        "batch_4": 387.99126962515027,
        "batch_5": 338.44700622558594,
        "batch_6": 443.8555145263672,
        "batch_7": 352.10410533231845,
        "batch_8": 348.2497100830078,
        "batch_9": 344.1434088812934
    },
    "parent2": {
        "batch_0": 276.2549579326923,
        "batch_1": 265.62211380004885,
        "batch_2": 272.68577261532056,
        "batch_3": 263.98101733979723,
        "batch_4": 309.8176913791233,
        "batch_5": 256.749914932251,
        "batch_6": 279.9400571187337,
        "batch_7": 288.6356898716518,
        "batch_8": 228.38875834147134,
        "batch_9": 273.9644890987512
    },
    "fusion_initial": {
        "batch_0": 285.4329086303711,
        "batch_1": 314.4714592827691,
        "batch_2": 293.2752739401425,
        "batch_3": 272.07938385009766,
        "batch_4": 299.82630083637855,
        "batch_5": 284.8480655445772,
        "batch_6": 283.1637289864676,
        "batch_7": 287.8649609883626,
        "batch_8": 287.88912285698785,
        "batch_9": 281.03592407226563
    },
    "fusion_retrained": {
        "batch_0": 3807.7653596297555,
        "batch_1": 3602.303173828125,
        "batch_2": 3794.658976236979,
        "batch_3": 3937.65087890625,
        "batch_4": 4024.4337158203125,
        "batch_5": 3843.3525119357637,
        "batch_6": 3773.2252139136904,
        "batch_7": 3586.664236886161,
        "batch_8": 3648.9618326822915,
        "batch_9": 3628.7628173828125
    }
}