{
    "parent1": {
        "batch_0": [
            25.77265167236328,
            22.305599212646484,
            20.229839324951172
        ],
        "batch_1": [
            27.140783309936523,
            23.4540958404541,
            19.674243927001953
        ],
        "batch_2": [
            25.893102645874023,
            21.56477165222168,
            20.15123748779297
        ],
        "batch_3": [
            24.567373275756836,
            18.974578857421875,
            19.334789276123047
        ],
        "batch_4": [
            26.385290145874023,
            21.02389144897461,
            19.829309463500977
        ],
        "batch_5": [
            25.478866577148438,
            21.202184677124023,
            19.123783111572266
        ],
        "batch_6": [
            25.91826629638672,
            21.533702850341797,
            19.43030548095703
        ],
        "batch_7": [
            25.46950340270996,
            21.79529571533203,
            20.258344650268555
        ],
        "batch_8": [
            27.464839935302734,
            21.34453582763672,
            18.69736099243164
        ],
        "batch_9": [
            25.181182861328125,
            22.164981842041016,
            19.895891189575195
        ]
    },
    "parent2": {
        "batch_0": [
            21.277416229248047,
            16.984821319580078,
            16.751697540283203
        ],
        "batch_1": [
            21.819988250732422,
            17.806968688964844,
            16.43036460876465
        ],
        "batch_2": [
            21.423059463500977,
            17.9340763092041,
            15.827335357666016
        ],
        "batch_3": [
            23.066743850708008,
            17.653564453125,
            16.252843856811523
        ],
        "batch_4": [
            22.97001838684082,
            19.317161560058594,
            16.284387588500977
        ],
        "batch_5": [
            20.863018035888672,
            18.656816482543945,
            15.954331398010254
        ],
        "batch_6": [
            20.605445861816406,
            19.100852966308594,
            16.855144500732422
        ],
        "batch_7": [
            20.931028366088867,
            17.054431915283203,
            16.71590805053711
        ],
        "batch_8": [
            21.956098556518555,
            17.784337997436523,
            16.741884231567383
        ],
        "batch_9": [
            20.186241149902344,
            17.157323837280273,
            16.716463088989258
        ]
    },
    "fusion_initial": {
        "batch_0": [
            23.32954216003418,
            19.026281356811523,
            16.99704360961914
        ],
        "batch_1": [
            23.52531623840332,
            20.123559951782227,
            17.910324096679688
        ],
        "batch_2": [
            22.490489959716797,
            20.24762535095215,
            16.647478103637695
        ],
        "batch_3": [
            23.400440216064453,
            19.42849349975586,
            17.763120651245117
        ],
        "batch_4": [
            22.14605712890625,
            19.751182556152344,
            18.161203384399414
        ],
        "batch_5": [
            22.976821899414062,
            19.80518913269043,
            18.220745086669922
        ],
        "batch_6": [
            23.598724365234375,
            18.579910278320312,
            17.491289138793945
        ],
        "batch_7": [
            18.740806579589844,
            22.15766143798828,
            17.553251266479492
        ],
        "batch_8": [
            24.43587875366211,
            20.430280685424805,
            17.239322662353516
        ],
        "batch_9": [
            26.003278732299805,
            20.254480361938477,
            19.711442947387695
        ]
    },
    "fusion_retrained": {
        "batch_0": [
            33.580570220947266,
            36.9611701965332,
            31.750377655029297
        ],
        "batch_1": [
            39.024478912353516,
            34.36814880371094,
            33.149383544921875
        ],
        "batch_2": [
            40.629024505615234,
            33.52806091308594,
            35.14470291137695
        ],
        "batch_3": [
            39.00643539428711,
            34.55851745605469,
            34.42970657348633
        ],
        "batch_4": [
            38.13930130004883,
            40.69438552856445,
            34.32482147216797
        ],
        "batch_5": [
            39.0242919921875,
            35.9237060546875,
            30.671728134155273
        ],
        "batch_6": [
            36.201507568359375,
            31.655460357666016,
            33.62661361694336
        ],
        "batch_7": [
            38.096500396728516,
            33.80451583862305,
            28.153841018676758
        ],
        "batch_8": [
            39.16079330444336,
            35.62940979003906,
            32.40754699707031
        ],
        "batch_9": [
            36.025604248046875,
            32.8474006652832,
            30.656600952148438
        ]
    }
}