{
    "parent1": {
        "batch_0": 2530.493181501116,
        "batch_1": 2672.8970743815103,
        "batch_2": 2701.5115356445312,
        "batch_3": 2565.093221028646,
        "batch_4": 2691.5522189670137,
        "batch_5": 2616.177530924479,
        "batch_6": 2831.560791015625,
        "batch_7": 2768.950732421875,
        "batch_8": 2653.91552734375,
        "batch_9": 2557.7278564453127
    },
    "parent2": {
        "batch_0": 2073.6116055575285,
        "batch_1": 2121.1844075520835,
        "batch_2": 2044.3978142989308,
        "batch_3": 2125.190098353795,
        "batch_4": 2232.9272257486978,
        "batch_5": 2155.474166870117,
        "batch_6": 2163.193557739258,
        "batch_7": 2131.4058295355903,
        "batch_8": 2203.8925337357955,
        "batch_9": 2120.3778727213544
    },
    "fusion_initial": {
        "batch_0": 2355.665272105824,
        "batch_1": 2466.7877022879466,
        "batch_2": 2418.572713216146,
        "batch_3": 2386.8653869628906,
        "batch_4": 2363.69132232666,
        "batch_5": 2356.779822716346,
        "batch_6": 2328.0036087036133,
        "batch_7": 2364.1400146484375,
        "batch_8": 2391.1586669921876,
        "batch_9": 2476.109933035714
    },
    "fusion_retrained": {
        "batch_0": 4232.867578125,
        "batch_1": 4139.0955810546875,
        "batch_2": 4293.699310302734,
        "batch_3": 4167.902770996094,
        "batch_4": 4336.583584872159,
        "batch_5": 4225.90673828125,
        "batch_6": 3976.9920166015627,
        "batch_7": 3934.65478515625,
        "batch_8": 4284.313178168402,
        "batch_9": 4003.123833550347
    }
}