{
    "parent1": {
        "batch_0": [
            59.50575637817383,
            44.93695068359375,
            41.10222625732422
        ],
        "batch_1": [
            62.85867691040039,
            48.13236618041992,
            40.45608139038086
        ],
        "batch_2": [
            66.56675720214844,
            49.226627349853516,
            43.13951110839844
        ],
        "batch_3": [
            59.59843444824219,
            43.93590545654297,
            42.5761604309082
        ],
        "batch_4": [
            65.51820373535156,
            49.09851837158203,
            47.077064514160156
        ],
        "batch_5": [
            62.106239318847656,
            48.272579193115234,
            42.712093353271484
        ],
        "batch_6": [
            68.24746704101562,
            45.64719772338867,
            42.159950256347656
        ],
        "batch_7": [
            65.47833251953125,
            50.07489013671875,
            42.38600540161133
        ],
        "batch_8": [
            65.66486358642578,
            53.52984619140625,
            43.597747802734375
        ],
        "batch_9": [
            68.38092803955078,
            51.783905029296875,
            46.09027099609375
        ]
    },
    "parent2": {
        "batch_0": [
            51.0385856628418,
            47.70411682128906,
            42.018348693847656
        ],
        "batch_1": [
            56.82069396972656,
            48.786048889160156,
            48.03196716308594
        ],
        "batch_2": [
            53.32097244262695,
            47.31032180786133,
            44.06806945800781
        ],
        "batch_3": [
            54.34081268310547,
            45.194705963134766,
            42.85664367675781
        ],
        "batch_4": [
            56.30447769165039,
            46.92378616333008,
            45.2332649230957
        ],
        "batch_5": [
            55.70996856689453,
            49.83454895019531,
            40.920387268066406
        ],
        "batch_6": [
            57.254432678222656,
            49.92386245727539,
            43.619998931884766
        ],
        "batch_7": [
            60.224464416503906,
            54.453887939453125,
            49.522239685058594
        ],
        "batch_8": [
            54.934261322021484,
            44.91155242919922,
            40.36744689941406
        ],
        "batch_9": [
            52.44601821899414,
            51.47397232055664,
            45.808631896972656
        ]
    },
    "fusion": {
        "batch_0": [
            6.837169170379639,
            5.591999053955078,
            5.160986423492432
        ],
        "batch_1": [
            6.8399810791015625,
            5.392553329467773,
            5.540919303894043
        ],
        "batch_2": [
            7.143255710601807,
            5.558091163635254,
            5.371922969818115
        ],
        "batch_3": [
            6.7867584228515625,
            5.333241939544678,
            5.326720237731934
        ],
        "batch_4": [
            7.016726016998291,
            5.47672700881958,
            5.1098809242248535
        ],
        "batch_5": [
            7.030120849609375,
            5.456803321838379,
            5.553905010223389
        ],
        "batch_6": [
            6.757298469543457,
            5.364733695983887,
            5.478382110595703
        ],
        "batch_7": [
            6.949364185333252,
            5.462988376617432,
            5.044723987579346
        ],
        "batch_8": [
            6.675721645355225,
            5.414921283721924,
            5.112845420837402
        ],
        "batch_9": [
            6.6179351806640625,
            5.185165882110596,
            5.414422988891602
        ]
    }
}