{
    "parent1": {
        "batch_0": 1429.1945007324218,
        "batch_1": 1611.938128303079,
        "batch_2": 1589.481298828125,
        "batch_3": 1523.8546785053454,
        "batch_4": 1748.637158203125,
        "batch_5": 1591.5140717605066,
        "batch_6": 1570.3449070142663,
        "batch_7": 1597.5745955757473,
        "batch_8": 1728.2895141601562,
        "batch_9": 1626.2277903837316
    },
    "parent2": {
        "batch_0": 1456.670445760091,
        "batch_1": 1568.5709533691406,
        "batch_2": 1483.6914506392045,
        "batch_3": 1593.2886149088542,
        "batch_4": 1591.9535127527574,
        "batch_5": 1517.7899806810462,
        "batch_6": 1556.5026774088542,
        "batch_7": 1599.8539496527778,
        "batch_8": 1495.40185546875,
        "batch_9": 1548.2150127704326
    },
    "fusion": {
        "batch_0": 137.61624262068005,
        "batch_1": 128.57402319174545,
        "batch_2": 144.06481040000915,
        "batch_3": 135.42007280455695,
        "batch_4": 127.62562328836192,
        "batch_5": 138.54244831630163,
        "batch_6": 133.08613195419312,
        "batch_7": 107.89689200265067,
        "batch_8": 143.33254890441896,
        "batch_9": 138.91380625504715
    }
}