{
    "parent1": {
        "batch_0": [
            31.913663864135742,
            25.29781723022461,
            24.160966873168945
        ],
        "batch_1": [
            27.29566764831543,
            25.766220092773438,
            21.45713996887207
        ],
        "batch_2": [
            29.428173065185547,
            27.988719940185547,
            23.117826461791992
        ],
        "batch_3": [
            26.252683639526367,
            25.657108306884766,
            21.62339210510254
        ],
        "batch_4": [
            26.5003662109375,
            25.721467971801758,
            23.756614685058594
        ],
        "batch_5": [
            28.656450271606445,
            27.128826141357422,
            22.669055938720703
        ],
        "batch_6": [
            32.173519134521484,
            26.431442260742188,
            24.491905212402344
        ],
        "batch_7": [
            25.414670944213867,
            24.69585609436035,
            21.8419132232666
        ],
        "batch_8": [
            24.94915771484375,
            23.546401977539062,
            23.086942672729492
        ],
        "batch_9": [
            28.626636505126953,
            25.31553840637207,
            24.0730037689209
        ]
    },
    "parent2": {
        "batch_0": [
            31.413022994995117,
            28.741849899291992,
            25.418792724609375
        ],
        "batch_1": [
            31.35988426208496,
            30.367223739624023,
            27.081220626831055
        ],
        "batch_2": [
            32.83652877807617,
            29.219770431518555,
            28.701854705810547
        ],
        "batch_3": [
            29.364608764648438,
            26.675111770629883,
            25.58510398864746
        ],
        "batch_4": [
            32.282958984375,
            29.537864685058594,
            25.407960891723633
        ],
        "batch_5": [
            33.16665267944336,
            31.42233657836914,
            25.927637100219727
        ],
        "batch_6": [
            34.645294189453125,
            29.156850814819336,
            26.576217651367188
        ],
        "batch_7": [
            33.34250259399414,
            29.49948501586914,
            30.31537437438965
        ],
        "batch_8": [
            30.070415496826172,
            28.83466911315918,
            25.758909225463867
        ],
        "batch_9": [
            30.858028411865234,
            29.02588653564453,
            27.757658004760742
        ]
    },
    "fusion_initial": {
        "batch_0": [
            4.982078552246094,
            4.736617088317871,
            4.33902645111084
        ],
        "batch_1": [
            5.378912925720215,
            4.929516315460205,
            4.484241008758545
        ],
        "batch_2": [
            5.101438999176025,
            4.75034761428833,
            4.344705581665039
        ],
        "batch_3": [
            5.083474636077881,
            4.6449666023254395,
            4.457369804382324
        ],
        "batch_4": [
            5.022828102111816,
            4.635934829711914,
            4.5071587562561035
        ],
        "batch_5": [
            5.0028581619262695,
            4.52378511428833,
            4.611363887786865
        ],
        "batch_6": [
            4.936788558959961,
            4.569087505340576,
            4.310122489929199
        ],
        "batch_7": [
            5.203148365020752,
            4.451536655426025,
            4.6384100914001465
        ],
        "batch_8": [
            5.0529093742370605,
            4.683427810668945,
            4.334299564361572
        ],
        "batch_9": [
            4.9595465660095215,
            4.460941314697266,
            4.490447998046875
        ]
    },
    "fusion_retrained": {
        "batch_0": [
            40.780696868896484,
            34.41633224487305,
            32.234275817871094
        ],
        "batch_1": [
            39.46914291381836,
            35.00734329223633,
            31.693204879760742
        ],
        "batch_2": [
            41.3828239440918,
            35.13426971435547,
            34.720977783203125
        ],
        "batch_3": [
            39.593196868896484,
            34.58213806152344,
            32.365108489990234
        ],
        "batch_4": [
            39.53553009033203,
            33.18925857543945,
            31.506765365600586
        ],
        "batch_5": [
            41.449005126953125,
            40.5778923034668,
            33.14101791381836
        ],
        "batch_6": [
            39.56641387939453,
            36.801151275634766,
            30.4162540435791
        ],
        "batch_7": [
            44.872257232666016,
            36.188507080078125,
            29.714183807373047
        ],
        "batch_8": [
            38.60026168823242,
            32.5666389465332,
            33.02531433105469
        ],
        "batch_9": [
            48.894195556640625,
            40.19914245605469,
            34.08920669555664
        ]
    }
}