{
    "parent1": {
        "batch_0": 1175.2923278808594,
        "batch_1": 1062.0714642068615,
        "batch_2": 1069.9677912394206,
        "batch_3": 1155.9117257254463,
        "batch_4": 1116.8214492797852,
        "batch_5": 1109.9090343656994,
        "batch_6": 1065.3230808803014,
        "batch_7": 1024.537697239926,
        "batch_8": 1014.7396327427456,
        "batch_9": 1074.1586151123047
    },
    "parent2": {
        "batch_0": 1053.3101196289062,
        "batch_1": 1159.3865478515625,
        "batch_2": 1216.5739924112956,
        "batch_3": 1141.4274727957588,
        "batch_4": 1178.6645100911458,
        "batch_5": 1146.5376953125,
        "batch_6": 1113.4619140625,
        "batch_7": 1223.0955790201822,
        "batch_8": 1184.4591730291193,
        "batch_9": 1093.572587446733
    },
    "fusion_initial": {
        "batch_0": 139.9730651755082,
        "batch_1": 136.92450223650252,
        "batch_2": 108.94408651192983,
        "batch_3": 110.68714340209961,
        "batch_4": 114.97241885573776,
        "batch_5": 110.8175220904143,
        "batch_6": 113.84810565312704,
        "batch_7": 134.5540049150586,
        "batch_8": 125.93820497445893,
        "batch_9": 95.57217920453925
    },
    "fusion_retrained": {
        "batch_0": 1354.320263671875,
        "batch_1": 1264.9427429199218,
        "batch_2": 1410.8088121916119,
        "batch_3": 1428.6931694878472,
        "batch_4": 1250.7427462064302,
        "batch_5": 1323.6298217773438,
        "batch_6": 1337.6432037353516,
        "batch_7": 1252.5684110201323,
        "batch_8": 1233.666519165039,
        "batch_9": 1353.470341796875
    }
}