Parent 1,Parent 2,Fusion
27.92842826843262,32.36434497833252,5.084018421173096
26.04051456451416,28.832153511047363,4.674800539016724
23.09308776855469,26.820101165771483,4.42091212272644
