{
    "parent1": {
        "batch_0": [
            8.045317649841309,
            7.171283721923828,
            6.779072284698486
        ],
        "batch_1": [
            8.616044998168945,
            8.401683807373047,
            7.165112018585205
        ],
        "batch_2": [
            8.887772560119629,
            7.204501152038574,
            6.306119918823242
        ],
        "batch_3": [
            8.727575302124023,
            7.5600128173828125,
            7.119893550872803
        ],
        "batch_4": [
            9.713380813598633,
            9.544639587402344,
            7.236734867095947
        ],
        "batch_5": [
            8.413434028625488,
            6.814199447631836,
            6.505364894866943
        ],
        "batch_6": [
            9.353793144226074,
            8.1358642578125,
            7.493719100952148
        ],
        "batch_7": [
            9.827597618103027,
            7.621208190917969,
            6.376241207122803
        ],
        "batch_8": [
            8.348952293395996,
            7.890429496765137,
            7.194344520568848
        ],
        "batch_9": [
            10.45668888092041,
            7.645883560180664,
            7.008166313171387
        ],
        "batch_10": [
            9.195755958557129,
            8.723357200622559,
            6.92203950881958
        ],
        "batch_11": [
            7.193564414978027,
            6.72871732711792,
            6.440320014953613
        ],
        "batch_12": [
            11.537227630615234,
            9.557687759399414,
            8.058603286743164
        ],
        "batch_13": [
            9.218661308288574,
            8.314457893371582,
            8.326452255249023
        ],
        "batch_14": [
            9.01034164428711,
            8.43250846862793,
            7.427249908447266
        ],
        "batch_15": [
            7.415917873382568,
            6.997861862182617,
            6.302650451660156
        ],
        "batch_16": [
            9.160284996032715,
            7.397658348083496,
            6.786532878875732
        ],
        "batch_17": [
            8.184067726135254,
            6.788743019104004,
            6.205544948577881
        ],
        "batch_18": [
            10.273253440856934,
            7.044732570648193,
            6.366022109985352
        ],
        "batch_19": [
            12.354195594787598,
            12.096502304077148,
            8.901542663574219
        ]
    },
    "parent2": {
        "batch_0": [
            9.666772842407227,
            9.433175086975098,
            7.8796257972717285
        ],
        "batch_1": [
            10.003799438476562,
            8.655694961547852,
            7.179483890533447
        ],
        "batch_2": [
            8.890715599060059,
            8.960057258605957,
            7.524586200714111
        ],
        "batch_3": [
            10.839975357055664,
            9.625450134277344,
            9.16826057434082
        ],
        "batch_4": [
            15.405625343322754,
            11.75655746459961,
            9.844217300415039
        ],
        "batch_5": [
            11.170708656311035,
            9.438222885131836,
            8.364419937133789
        ],
        "batch_6": [
            13.697027206420898,
            9.521204948425293,
            7.884471416473389
        ],
        "batch_7": [
            9.510555267333984,
            7.8957295417785645,
            7.952358722686768
        ],
        "batch_8": [
            9.13335132598877,
            8.415937423706055,
            7.416224956512451
        ],
        "batch_9": [
            12.63200569152832,
            9.377622604370117,
            6.974350452423096
        ],
        "batch_10": [
            10.687536239624023,
            9.307257652282715,
            8.802396774291992
        ],
        "batch_11": [
            12.771463394165039,
            11.22490119934082,
            10.442512512207031
        ],
        "batch_12": [
            10.42104434967041,
            9.430939674377441,
            8.827729225158691
        ],
        "batch_13": [
            12.643579483032227,
            11.041909217834473,
            10.039752006530762
        ],
        "batch_14": [
            11.880226135253906,
            7.410513877868652,
            7.237271308898926
        ],
        "batch_15": [
            13.1272611618042,
            7.2754411697387695,
            7.180208683013916
        ],
        "batch_16": [
            14.44871997833252,
            10.86741828918457,
            8.761093139648438
        ],
        "batch_17": [
            9.214996337890625,
            8.585667610168457,
            7.292492866516113
        ],
        "batch_18": [
            13.73792552947998,
            9.754180908203125,
            8.912452697753906
        ],
        "batch_19": [
            19.021766662597656,
            13.103574752807617,
            10.08028507232666
        ]
    },
    "fusion_initial": {
        "batch_0": [
            1.7518771886825562,
            1.1866750717163086,
            -0.86211097240448
        ],
        "batch_1": [
            1.8973979949951172,
            1.957684874534607,
            -1.8788573741912842
        ],
        "batch_2": [
            -1.9387602806091309,
            1.9399391412734985,
            1.8867263793945312
        ],
        "batch_3": [
            0.6492259502410889,
            1.8757877349853516,
            1.4273329973220825
        ],
        "batch_4": [
            0.6210811138153076,
            1.8018687963485718,
            -1.2154492139816284
        ],
        "batch_5": [
            0.19268345832824707,
            1.9149062633514404,
            -1.6312785148620605
        ],
        "batch_6": [
            -1.9648693799972534,
            1.969538927078247,
            1.8683362007141113
        ],
        "batch_7": [
            1.1709473133087158,
            1.8304399251937866,
            1.4752402305603027
        ],
        "batch_8": [
            0.17570160329341888,
            1.8663607835769653,
            -0.49804916977882385
        ],
        "batch_9": [
            1.351759910583496,
            1.742592453956604,
            -0.9223206639289856
        ],
        "batch_10": [
            2.0387191772460938,
            -0.6071863174438477,
            -1.2852811813354492
        ],
        "batch_11": [
            -1.3929767608642578,
            1.8642491102218628,
            -0.9273245334625244
        ],
        "batch_12": [
            -0.7548307180404663,
            2.0039947032928467,
            1.6510472297668457
        ],
        "batch_13": [
            1.965354323387146,
            0.13614511489868164,
            0.32808494567871094
        ],
        "batch_14": [
            1.890878677368164,
            -0.8158223032951355,
            0.0950000211596489
        ],
        "batch_15": [
            0.5276438593864441,
            1.8554422855377197,
            0.5960575342178345
        ],
        "batch_16": [
            -0.46674972772598267,
            1.9807558059692383,
            0.4839070439338684
        ],
        "batch_17": [
            0.07892771065235138,
            1.9738640785217285,
            1.5990018844604492
        ],
        "batch_18": [
            0.2795643210411072,
            1.834948182106018,
            -1.560691237449646
        ],
        "batch_19": [
            1.8593099117279053,
            -0.6834123730659485,
            1.6546478271484375
        ]
    },
    "fusion_retrained": {
        "batch_0": [
            11.932060241699219,
            8.861404418945312,
            7.492786407470703
        ],
        "batch_1": [
            13.679267883300781,
            12.487852096557617,
            10.335630416870117
        ],