{
    "parent1": {
        "batch_0": 266.21211896623885,
        "batch_1": 276.0598521985506,
        "batch_2": 275.1167537144252,
        "batch_3": 263.90850734710693,
        "batch_4": 285.1967560904367,
        "batch_5": 217.55935516357422,
        "batch_6": 303.3228689340445,
        "batch_7": 231.84971031775842,
        "batch_8": 273.6487071990967,
        "batch_9": 284.2910685221354,
        "batch_10": 272.38660266352633,
        "batch_11": 252.34362297058107,
        "batch_12": 297.80830932617187,
        "batch_13": 241.01825387137276,
        "batch_14": 262.5799140930176,
        "batch_15": 249.49876525878906,
        "batch_16": 253.11640287700453,
        "batch_17": 276.1603088378906,
        "batch_18": 243.0978515625,
        "batch_19": 255.78999938964844
    },
    "parent2": {
        "batch_0": 296.73152708395935,
        "batch_1": 308.03922607421873,
        "batch_2": 291.27054249156606,
        "batch_3": 311.58113816205196,
        "batch_4": 383.4362030029297,
        "batch_5": 313.3813171386719,
        "batch_6": 283.56438974233777,
        "batch_7": 247.49774646759033,
        "batch_8": 192.86826106480189,
        "batch_9": 266.7752746582031,
        "batch_10": 356.759345703125,
        "batch_11": 240.87961717085406,
        "batch_12": 318.71056238810223,
        "batch_13": 316.4694519042969,
        "batch_14": 312.5018145243327,
        "batch_15": 284.49914371266084,
        "batch_16": 307.42828369140625,
        "batch_17": 310.3623580932617,
        "batch_18": 317.5715848861202,
        "batch_19": 233.79247029622397
    },
    "fusion_initial": {
        "batch_0": 36.164784714910716,
        "batch_1": 39.005665111541745,
        "batch_2": 36.94548562991208,
        "batch_3": 30.111373861630756,
        "batch_4": 34.797174676340454,
        "batch_5": 35.416565269231796,
        "batch_6": 41.656873561717845,
        "batch_7": 32.628743050391215,
        "batch_8": 35.20050476675164,
        "batch_9": 32.37650773602147,
        "batch_10": 44.362633157999085,
        "batch_11": 31.87470327786037,
        "batch_12": 41.9661693043179,
        "batch_13": 41.628428876399994,
        "batch_14": 31.690725663433906,
        "batch_15": 36.684648706799464,
        "batch_16": 36.722924957088395,
        "batch_17": 44.86050510406494,
        "batch_18": 42.27384742876379,
        "batch_19": 36.851589741025656
    },
    "fusion_retrained": {
        "batch_0": 336.2330436706543,
        "batch_1": 285.03727193979114,
        "batch_2": 223.3890803019206,
        "batch_3": 252.01386260986328,
        "batch_4": 244.99744500054254,
        "batch_5": 291.61306889851886,
        "batch_6": 240.21258372645224,
        "batch_7": 313.8745375413161,
        "batch_8": 257.81017049153644,
        "batch_9": 297.0618591308594,
        "batch_10": 346.2554841218171,
        "batch_11": 309.68368748256137,
        "batch_12": 278.56785583496094,
        "batch_13": 238.827970123291,
        "batch_14": 218.43293243408203,
        "batch_15": 306.911137898763,
        "batch_16": 347.8974112051505,
        "batch_17": 266.81692123413086,
        "batch_18": 269.5454923189603,
        "batch_19": 242.4514985926011
    }
}