Parent 1,Parent 2,Fusion
64.37685127258301,55.0178581237793,6.855775165557861
48.3998722076416,48.167488479614256,5.440539884567261
43.14372673034668,45.258841323852536,5.295525074005127
