Model,Trace mean,Trace std
Parent 1,1619.9373618621821,112.07958864240977
Parent 2,1541.6783317229053,73.62734091883051
Fusion,142.10826358485016,21.506000921544214
