Parent 1,Parent 2,Fusion
27.963329315185547,32.12367820739746,39.469316482543945
25.767742156982422,29.201772689819336,36.38211536407471
22.578928470611572,25.28924560546875,31.513559818267822
