Model,Trace mean,Trace std
Parent 1,1091.6328042950547,37.78900554078188
Parent 2,1148.5912852060228,47.137192538266135
Fusion,1316.7996245016784,57.59260458142317
