{
    "parent1": {
        "batch_0": [
            81.81370544433594,
            39.88016128540039,
            42.40220260620117
        ],
        "batch_1": [
            75.67300415039062,
            46.713966369628906,
            34.4150276184082
        ],
        "batch_2": [
            67.44760131835938,
            45.02320861816406,
            32.75090408325195
        ],
        "batch_3": [
            68.40904235839844,
            37.02284622192383,
            44.871665954589844
        ],
        "batch_4": [
            77.78675079345703,
            55.55529022216797,
            42.48097610473633
        ],
        "batch_5": [
            75.62047576904297,
            50.222190856933594,
            34.04863357543945
        ],
        "batch_6": [
            83.91839599609375,
            51.41404724121094,
            33.52766418457031
        ],
        "batch_7": [
            60.40053176879883,
            46.836421966552734,
            31.78096580505371
        ],
        "batch_8": [
            72.65299224853516,
            56.51776123046875,
            36.78974151611328
        ],
        "batch_9": [
            72.89625549316406,
            41.000736236572266,
            42.91277313232422
        ],
        "batch_10": [
            82.42350769042969,
            54.1758918762207,
            32.02811050415039
        ],
        "batch_11": [
            83.0912857055664,
            57.115325927734375,
            31.751157760620117
        ],
        "batch_12": [
            70.27302551269531,
            50.8478889465332,
            32.48447036743164
        ],
        "batch_13": [
            56.78330612182617,
            44.95206832885742,
            31.394861221313477
        ],
        "batch_14": [
            68.37056732177734,
            40.531761169433594,
            35.87097930908203
        ],
        "batch_15": [
            83.83399963378906,
            48.88785171508789,
            36.558509826660156
        ],
        "batch_16": [
            61.95277786254883,
            43.313411712646484,
            33.95820999145508
        ],
        "batch_17": [
            70.12841033935547,
            40.4827880859375,
            29.641220092773438
        ],
        "batch_18": [
            81.7581787109375,
            53.9005012512207,
            36.435115814208984
        ],
        "batch_19": [
            81.21818542480469,
            57.01188659667969,
            46.339263916015625
        ]
    },
    "parent2": {
        "batch_0": [
            40.869876861572266,
            40.61677932739258,
            33.578956604003906
        ],
        "batch_1": [
            47.01184844970703,
            35.744747161865234,
            27.127779006958008
        ],
        "batch_2": [
            42.95693588256836,
            33.497596740722656,
            23.993263244628906
        ],
        "batch_3": [
            50.458351135253906,
            35.05724334716797,
            28.873390197753906
        ],
        "batch_4": [
            47.07550048828125,
            33.91061019897461,
            28.555952072143555
        ],
        "batch_5": [
            46.99984359741211,
            36.77873992919922,
            27.69937515258789
        ],
        "batch_6": [
            45.35176086425781,
            36.314117431640625,
            30.315597534179688
        ],
        "batch_7": [
            39.306243896484375,
            38.621219635009766,
            29.4247989654541
        ],
        "batch_8": [
            35.29247283935547,
            31.63509750366211,
            26.12249755859375
        ],
        "batch_9": [
            41.309478759765625,
            38.522735595703125,
            28.80767822265625
        ],
        "batch_10": [
            49.19526290893555,
            36.756752014160156,
            27.104875564575195
        ],
        "batch_11": [
            36.73286056518555,
            30.434978485107422,
            28.452449798583984
        ],
        "batch_12": [
            44.87604522705078,
            37.205108642578125,
            30.418537139892578
        ],
        "batch_13": [
            45.640682220458984,
            36.358612060546875,
            26.912702560424805
        ],
        "batch_14": [
            44.589481353759766,
            36.33846664428711,
            26.885868072509766
        ],
        "batch_15": [
            41.91973876953125,
            35.4820671081543,
            27.65032196044922
        ],
        "batch_16": [
            40.28645324707031,
            34.16682052612305,
            30.34345817565918
        ],
        "batch_17": [
            43.42521667480469,
            37.66510772705078,
            30.560914993286133
        ],
        "batch_18": [
            40.012725830078125,
            35.741920471191406,
            31.125804901123047
        ],
        "batch_19": [
            46.59052658081055,
            42.59309005737305,
            32.56903076171875
        ]
    },
    "fusion_initial": {
        "batch_0": [
            16.699817657470703,
            8.073234558105469,
            6.469535827636719
        ],
        "batch_1": [
            17.493066787719727,
            8.531060218811035,
            7.088864326477051
        ],
        "batch_2": [
            17.491687774658203,
            8.375706672668457,
            6.902840614318848
        ],
        "batch_3": [
            16.271453857421875,
            8.107519149780273,
            6.492650985717773
        ],
        "batch_4": [
            16.45603370666504,
            8.090256690979004,
            6.520939350128174
        ],
        "batch_5": [
            16.994888305664062,
            8.179901123046875,
            6.774702072143555
        ],
        "batch_6": [
            16.994037628173828,
            8.130748748779297,
            6.695987701416016
        ],
        "batch_7": [
            16.110694885253906,
            7.861555099487305,
            6.518139362335205
        ],
        "batch_8": [
            16.61090660095215,
            8.179308891296387,
            6.785592555999756
        ],
        "batch_9": [
            16.08811378479004,
            7.7466864585876465,
            6.3020830154418945
        ],
        "batch_10": [
            17.23887825012207,
            8.165589332580566,
            6.870057106018066
        ],
        "batch_11": [
            16.4340763092041,
            8.008734703063965,
            6.63505220413208
        ],
        "batch_12": [
            17.55274772644043,
            8.307307243347168,
            7.01890230178833
        ],
        "batch_13": [
            17.18278694152832,
            8.230029106140137,
            6.821168899536133
        ],
        "batch_14": [
            17.00996971130371,
            8.152085304260254,
            6.833904266357422
        ],
        "batch_15": [
            16.8089542388916,
            8.033184051513672,
            6.625443935394287
        ],
        "batch_16": [
            16.962549209594727,
            8.316080093383789,
            6.774147987365723
        ],
        "batch_17": [
            16.93381118774414,
            8.308184623718262,
            6.93976354598999
        ],
        "batch_18": [
            16.171785354614258,
            8.08491039276123,
            6.77243709564209
        ],
        "batch_19": [
            17.183147430419922,
            8.444904327392578,
            6.725924491882324
        ]
    }
}