{
    "parent1": {
        "batch_0": 914.7308905707465,
        "batch_1": 1003.59970703125,
        "batch_2": 981.0654144287109,
        "batch_3": 955.4328409830729,
        "batch_4": 1033.264415067785,
        "batch_5": 969.8136500308389,
        "batch_6": 879.1155327690972,
        "batch_7": 872.1869615827288,
        "batch_8": 948.9750244140625,
        "batch_9": 995.0582695007324,
        "batch_10": 892.873533703032,
        "batch_11": 1051.1748753597863,
        "batch_12": 1015.6486380440848,
        "batch_13": 997.6032548384233,
        "batch_14": 893.0041272962416,
        "batch_15": 943.6481187608507,
        "batch_16": 998.8803966891381,
        "batch_17": 873.7051188151041,
        "batch_18": 1033.1603716681984,
        "batch_19": 992.2597412109375
    },
    "parent2": {
        "batch_0": 875.5777457101004,
        "batch_1": 794.8834807297279,
        "batch_2": 791.1638575962612,
        "batch_3": 845.8212367466518,
        "batch_4": 765.1605642813223,
        "batch_5": 793.879443359375,
        "batch_6": 876.5083312988281,
        "batch_7": 757.9046184833234,
        "batch_8": 726.4515215192522,
        "batch_9": 774.7337285822088,
        "batch_10": 774.5690989774816,
        "batch_11": 729.8156829833985,
        "batch_12": 920.5843200683594,
        "batch_13": 717.1083679199219,
        "batch_14": 671.9071088518415,
        "batch_15": 826.9880320231119,
        "batch_16": 745.8135491943359,
        "batch_17": 853.5318374633789,
        "batch_18": 802.2808009556362,
        "batch_19": 807.9546284993489
    },
    "fusion_initial": {
        "batch_0": 105.21110312143962,
        "batch_1": 39.620887994766235,
        "batch_2": 94.62323631384434,
        "batch_3": 83.17003127932549,
        "batch_4": 105.72693938222424,
        "batch_5": 111.56320205894676,
        "batch_6": 92.76276066428737,
        "batch_7": 88.82144995658628,
        "batch_8": 68.94177872794015,
        "batch_9": 112.71799278259277,
        "batch_10": 83.58809849234189,
        "batch_11": 96.03994584370808,
        "batch_12": 110.22747622595892,
        "batch_13": 130.2814645413999,
        "batch_14": 110.7788048794395,
        "batch_15": 83.56679199392146,
        "batch_16": 95.37480290730794,
        "batch_17": 110.96090050041676,
        "batch_18": 109.64676093273475,
        "batch_19": 108.74613220214843
    }
}