{
    "parent1": {
        "batch_0": [
            32.88752365112305,
            26.84021759033203,
            26.02298927307129
        ],
        "batch_1": [
            28.85203742980957,
            25.37005615234375,
            23.55478286743164
        ],
        "batch_2": [
            29.920284271240234,
            29.165836334228516,
            25.002710342407227
        ],
        "batch_3": [
            27.737478256225586,
            26.798336029052734,
            23.583171844482422
        ],
        "batch_4": [
            28.693038940429688,
            26.278472900390625,
            25.15367317199707
        ],
        "batch_5": [
            30.343721389770508,
            27.3210391998291,
            23.88719367980957
        ],
        "batch_6": [
            32.79283905029297,
            27.40436553955078,
            25.879047393798828
        ],
        "batch_7": [
            27.84880828857422,
            25.531888961791992,
            23.706575393676758
        ],
        "batch_8": [
            27.22838592529297,
            25.525638580322266,
            23.559064865112305
        ],
        "batch_9": [
            31.126441955566406,
            26.9698543548584,
            24.271995544433594
        ]
    },
    "parent2": {
        "batch_0": [
            33.24463653564453,
            29.42768669128418,
            26.12466049194336
        ],
        "batch_1": [
            31.642677307128906,
            31.54740333557129,
            28.40509033203125
        ],
        "batch_2": [
            33.41101837158203,
            29.1798038482666,
            28.92489242553711
        ],
        "batch_3": [
            31.3371524810791,
            27.06343650817871,
            27.451974868774414
        ],
        "batch_4": [
            33.48434066772461,
            31.217309951782227,
            26.980262756347656
        ],
        "batch_5": [
            33.833656311035156,
            33.37150573730469,
            29.03623390197754
        ],
        "batch_6": [
            34.59373092651367,
            31.5963191986084,
            28.763540267944336
        ],
        "batch_7": [
            34.72929382324219,
            30.31533432006836,
            31.47715187072754
        ],
        "batch_8": [
            29.420490264892578,
            30.31943130493164,
            27.166297912597656
        ],
        "batch_9": [
            32.337799072265625,
            27.5413875579834,
            28.886737823486328
        ]
    },
    "fusion_initial": {
        "batch_0": [
            4.987696647644043,
            4.627800941467285,
            4.343254566192627
        ],
        "batch_1": [
            5.381500720977783,
            4.810698509216309,
            4.537840843200684
        ],
        "batch_2": [
            5.068572521209717,
            4.6382951736450195,
            4.331673622131348
        ],
        "batch_3": [
            5.07147741317749,
            4.664484977722168,
            4.407818794250488
        ],
        "batch_4": [
            5.032262802124023,
            4.677291393280029,
            4.348841190338135
        ],
        "batch_5": [
            5.023500442504883,
            4.643762111663818,
            4.400298118591309
        ],
        "batch_6": [
            4.884814262390137,
            4.473367691040039,
            4.167639255523682
        ],
        "batch_7": [
            5.269885063171387,
            4.52189302444458,
            4.519705295562744
        ],
        "batch_8": [
            5.006902694702148,
            4.71025276184082,
            4.324219226837158
        ],
        "batch_9": [
            4.978835582733154,
            4.467594146728516,
            4.294821262359619
        ]
    },
    "fusion_retrained": {
        "batch_0": [
            27.86768341064453,
            24.754117965698242,
            21.97214126586914
        ],
        "batch_1": [
            25.135761260986328,
            21.940210342407227,
            18.629667282104492
        ],
        "batch_2": [
            26.148534774780273,
            24.250673294067383,
            22.376659393310547
        ],
        "batch_3": [
            23.7564640045166,
            22.208885192871094,
            19.647340774536133
        ],
        "batch_4": [
            23.798337936401367,
            18.138080596923828,
            20.105281829833984
        ],
        "batch_5": [
            26.151500701904297,
            23.416738510131836,
            20.5540828704834
        ],
        "batch_6": [
            25.84880256652832,
            23.322832107543945,
            18.68986701965332
        ],
        "batch_7": [
            27.23319435119629,
            22.036972045898438,
            21.35706329345703
        ],
        "batch_8": [
            27.508527755737305,
            22.07831382751465,
            22.072267532348633
        ],
        "batch_9": [
            28.37482452392578,
            26.04831886291504,
            21.545629501342773
        ]
    }
}