{
    "parent1": {
        "batch_0": 1218.201261393229,
        "batch_1": 1042.206307547433,
        "batch_2": 1032.799871826172,
        "batch_3": 1094.1828206380208,
        "batch_4": 1227.472161187066,
        "batch_5": 1141.4298142653245,
        "batch_6": 1148.5707217945771,
        "batch_7": 1063.9135360717773,
        "batch_8": 1105.877950032552,
        "batch_9": 1135.9920546587775
    },
    "parent2": {
        "batch_0": 1048.8224449157715,
        "batch_1": 1211.9643823242188,
        "batch_2": 1201.6755818684896,
        "batch_3": 1041.9059401292068,
        "batch_4": 1176.2466354370117,
        "batch_5": 1216.713609967913,
        "batch_6": 1184.3096381293403,
        "batch_7": 1218.5247741699218,
        "batch_8": 1166.6162448459202,
        "batch_9": 1107.5450063852163
    },
    "fusion_initial": {
        "batch_0": 121.48095829863297,
        "batch_1": 116.3466106057167,
        "batch_2": 109.94667309761047,
        "batch_3": 108.12221502157358,
        "batch_4": 127.74795846378102,
        "batch_5": 86.03550460083144,
        "batch_6": 109.05449148503746,
        "batch_7": 107.3673791056094,
        "batch_8": 117.18935837616792,
        "batch_9": 128.6123524597713
    },
    "fusion_retrained": {
        "batch_0": 1048.5053492954798,
        "batch_1": 921.1029733511118,
        "batch_2": 1051.7761840820312,
        "batch_3": 1020.2267150878906,
        "batch_4": 891.7206535339355,
        "batch_5": 999.2334594726562,
        "batch_6": 916.4477146693638,
        "batch_7": 969.9478352864584,
        "batch_8": 1030.2973754882812,
        "batch_9": 989.5946430407072
    }
}