Parent 1,Parent 2,Fusion
139.13743591308594,291.8737487792969,271.98876190185547
127.32537841796875,173.7956771850586,207.2409896850586
89.67347717285156,126.31649398803711,222.26509857177734
