Model,Trace mean,Trace std
Parent 1,895.3857764996981,194.37634199042077
Parent 2,1412.3420047599318,376.5046690098968
Fusion,1526.0865018329923,93.55386158776662
