{
    "parent1": {
        "batch_0": [
            14.185091018676758,
            13.199153900146484,
            8.166581153869629
        ],
        "batch_1": [
            15.01744556427002,
            12.913383483886719,
            7.583231449127197
        ],
        "batch_2": [
            13.064029693603516,
            14.277871131896973,
            7.475641250610352
        ],
        "batch_3": [
            14.311332702636719,
            11.773151397705078,
            7.145683288574219
        ],
        "batch_4": [
            14.038959503173828,
            13.176053047180176,
            7.807155609130859
        ],
        "batch_5": [
            14.283888816833496,
            10.953330039978027,
            7.288200378417969
        ],
        "batch_6": [
            14.547319412231445,
            11.324417114257812,
            7.125147342681885
        ],
        "batch_7": [
            14.068570137023926,
            10.086910247802734,
            7.110311508178711
        ],
        "batch_8": [
            14.574235916137695,
            12.288712501525879,
            7.560314655303955
        ],
        "batch_9": [
            13.60482120513916,
            11.19337272644043,
            7.522467136383057
        ],
        "batch_10": [
            16.427593231201172,
            13.241748809814453,
            7.6650309562683105
        ],
        "batch_11": [
            13.966340065002441,
            11.509317398071289,
            7.583487033843994
        ],
        "batch_12": [
            16.140567779541016,
            13.03704833984375,
            7.807474613189697
        ],
        "batch_13": [
            14.049448013305664,
            12.687712669372559,
            7.99678373336792
        ],
        "batch_14": [
            14.610942840576172,
            12.84463882446289,
            7.882143497467041
        ],
        "batch_15": [
            13.653376579284668,
            11.77334976196289,
            6.849251747131348
        ],
        "batch_16": [
            13.460485458374023,
            14.343238830566406,
            7.911014080047607
        ],
        "batch_17": [
            13.340194702148438,
            10.554682731628418,
            7.3409104347229
        ],
        "batch_18": [
            14.50304126739502,
            11.966371536254883,
            7.798184871673584
        ],
        "batch_19": [
            14.551589965820312,
            12.348954200744629,
            8.483315467834473
        ]
    },
    "parent2": {
        "batch_0": [
            20.08194351196289,
            12.681853294372559,
            11.071540832519531
        ],
        "batch_1": [
            21.697772979736328,
            14.90554141998291,
            11.257783889770508
        ],
        "batch_2": [
            17.38627815246582,
            13.447093963623047,
            10.38697624206543
        ],
        "batch_3": [
            17.52275276184082,
            14.006447792053223,
            9.93682861328125
        ],
        "batch_4": [
            17.740642547607422,
            12.094533920288086,
            10.180463790893555
        ],
        "batch_5": [
            18.129756927490234,
            13.562426567077637,
            9.753706932067871
        ],
        "batch_6": [
            21.587324142456055,
            14.683740615844727,
            10.888894081115723
        ],
        "batch_7": [
            19.979473114013672,
            13.080347061157227,
            11.260437965393066
        ],
        "batch_8": [
            19.308664321899414,
            11.354921340942383,
            9.92101764678955
        ],
        "batch_9": [
            20.390323638916016,
            13.628990173339844,
            10.979838371276855
        ],
        "batch_10": [
            18.315078735351562,
            12.990029335021973,
            10.628217697143555
        ],
        "batch_11": [
            21.395753860473633,
            12.951431274414062,
            10.381307601928711
        ],
        "batch_12": [
            20.87813949584961,
            12.76783275604248,
            10.860966682434082
        ],
        "batch_13": [
            19.066904067993164,
            12.767255783081055,
            11.376354217529297
        ],
        "batch_14": [
            18.212032318115234,
            12.82502555847168,
            10.149918556213379
        ],
        "batch_15": [
            19.638959884643555,
            12.875595092773438,
            9.285157203674316
        ],
        "batch_16": [
            18.118885040283203,
            12.317556381225586,
            10.69290542602539
        ],
        "batch_17": [
            20.627344131469727,
            13.10496711730957,
            10.574175834655762
        ],
        "batch_18": [
            19.488094329833984,
            12.5161714553833,
            10.531696319580078
        ],
        "batch_19": [
            21.65951919555664,
            14.305610656738281,
            11.054361343383789
        ]
    },
    "fusion_initial": {
        "batch_0": [
            1.8822048902511597,
            1.2423145771026611,
            -1.0476748943328857
        ],
        "batch_1": [
            2.0100598335266113,
            1.2780416011810303,
            0.9185163974761963
        ],
        "batch_2": [
            2.0526890754699707,
            1.3284798860549927,
            -1.196885347366333
        ],
        "batch_3": [
            1.850948691368103,
            1.2530783414840698,
            0.9765408039093018
        ],
        "batch_4": [
            1.8563175201416016,
            1.2111334800720215,
            -1.0370700359344482
        ],
        "batch_5": [
            1.9502371549606323,
            1.2858480215072632,
            -0.4678393006324768
        ],
        "batch_6": [
            1.964255690574646,
            1.298007845878601,
            1.009925365447998
        ],
        "batch_7": [
            1.8369139432907104,
            1.2321054935455322,
            -1.0105348825454712
        ],
        "batch_8": [
            1.96025550365448,
            1.2892546653747559,
            -1.1060686111450195
        ],
        "batch_9": [
            1.8359848260879517,
            1.205031394958496,
            0.6214451193809509
        ],
        "batch_10": [
            2.1127982139587402,
            1.3759955167770386,
            -1.0377845764160156
        ],
        "batch_11": [
            2.12876033782959,
            1.354891300201416,
            -1.1968413591384888
        ],
        "batch_12": [
            2.1360411643981934,
            1.3423700332641602,
            1.1305031776428223
        ],
        "batch_13": [
            2.0840585231781006,
            1.3571497201919556,
            -1.0454972982406616
        ],
        "batch_14": [
            2.167510509490967,
            1.369066834449768,
            1.116514801979065
        ],
        "batch_15": [
            2.0752341747283936,
            1.3134733438491821,
            -1.1373887062072754
        ],
        "batch_16": [
            1.9605990648269653,
            1.2788506746292114,
            -1.0763190984725952
        ],
        "batch_17": [
            2.005568504333496,
            1.3003774881362915,
            -1.1532881259918213
        ],
        "batch_18": [
            1.8836729526519775,
            1.2467759847640991,
            -0.8211463093757629
        ],
        "batch_19": [
            1.966736912727356,
            1.3074318170547485,
            -1.0626500844955444
        ]
    }
}