{
    "parent1": {
        "batch_0": 312.8975552645597,
        "batch_1": 331.54486887078536,
        "batch_2": 316.16310607910157,
        "batch_3": 345.74131774902344,
        "batch_4": 316.15411088273333,
        "batch_5": 291.4055528640747,
        "batch_6": 316.5170440673828,
        "batch_7": 307.94891088149126,
        "batch_8": 307.84428271125347,
        "batch_9": 324.4550018310547,
        "batch_10": 362.7143231560202,
        "batch_11": 334.26890446589545,
        "batch_12": 303.7069839477539,
        "batch_13": 301.36310407850476,
        "batch_14": 319.1200626454455,
        "batch_15": 312.64269256591797,
        "batch_16": 322.5146026611328,
        "batch_17": 309.2627885606554,
        "batch_18": 339.7110268729074,
        "batch_19": 318.1679359718605
    },
    "parent2": {
        "batch_0": 429.30795715332033,
        "batch_1": 411.5328199598524,
        "batch_2": 401.54368896484374,
        "batch_3": 358.5647888183594,
        "batch_4": 365.3556399875217,
        "batch_5": 394.10120346966914,
        "batch_6": 414.71084376743863,
        "batch_7": 427.0396728515625,
        "batch_8": 334.7486317952474,
        "batch_9": 405.47047533307756,
        "batch_10": 386.2795835552794,
        "batch_11": 435.0184951782227,
        "batch_12": 367.99116469874525,
        "batch_13": 410.8448464529855,
        "batch_14": 350.9704770174894,
        "batch_15": 391.22732720008264,
        "batch_16": 413.95030517578124,
        "batch_17": 471.7965523856027,
        "batch_18": 392.9025166829427,
        "batch_19": 379.0970825195312
    },
    "fusion_initial": {
        "batch_0": 14.28595155376499,
        "batch_1": 16.72244755788283,
        "batch_2": 18.1116910089146,
        "batch_3": 14.198744413987646,
        "batch_4": 4.309615067073277,
        "batch_5": 14.4337522315979,
        "batch_6": 14.058659132789163,
        "batch_7": 10.764133130059097,
        "batch_8": 15.053015468725517,
        "batch_9": 17.831324442109064,
        "batch_10": 19.930654319127402,
        "batch_11": 14.731407509293668,
        "batch_12": 16.471138446561753,
        "batch_13": 20.670042797923088,
        "batch_14": 11.110741589931731,
        "batch_15": 17.82712639933047,
        "batch_16": 16.971898092163933,
        "batch_17": 18.208234224319458,
        "batch_18": 17.665943439190205,
        "batch_19": 19.168056584419087
    }
}