,Parent 1,Parent 2,Fusion
0,314.5078887939453,397.5809631347656,341.07266998291016
1,185.69176864624023,227.9207992553711,258.03235626220703
2,140.80904006958008,133.67947006225586,173.30398178100586
