,Trace mean,Trace std
0,927.1423069609971,347.47068086999366
1,1010.1433612514944,249.7081002543954
2,1076.2463548446149,461.215372607019
