{
    "parent1": {
        "batch_0": [
            1.6328283548355103,
            1.0840201377868652,
            0.8580695986747742
        ],
        "batch_1": [
            1.4829652309417725,
            1.0087963342666626,
            0.7934445142745972
        ],
        "batch_2": [
            1.5370088815689087,
            1.0755836963653564,
            0.8823245167732239
        ],
        "batch_3": [
            1.4955413341522217,
            0.9712887406349182,
            0.8648630380630493
        ],
        "batch_4": [
            1.3674638271331787,
            0.8878140449523926,
            0.8343633413314819
        ],
        "batch_5": [
            1.395190715789795,
            1.009784460067749,
            0.8814164996147156
        ],
        "batch_6": [
            1.3736584186553955,
            1.124722957611084,
            0.7701143026351929
        ],
        "batch_7": [
            1.3962410688400269,
            0.9344356060028076,
            0.7837299704551697
        ],
        "batch_8": [
            1.5682134628295898,
            1.0020803213119507,
            0.892544150352478
        ],
        "batch_9": [
            1.383191704750061,
            1.3564013242721558,
            -0.5921807885169983
        ],
        "batch_10": [
            1.5701295137405396,
            1.0344207286834717,
            0.9067283272743225
        ],
        "batch_11": [
            1.4517043828964233,
            1.0252866744995117,
            0.7727494835853577
        ],
        "batch_12": [
            1.356291651725769,
            0.9029233455657959,
            0.8280983567237854
        ],
        "batch_13": [
            1.580744743347168,
            1.0362052917480469,
            0.8789154887199402
        ],
        "batch_14": [
            1.3657269477844238,
            0.8867568373680115,
            0.7838667035102844
        ],
        "batch_15": [
            1.5868463516235352,
            1.077845573425293,
            0.8166223168373108
        ],
        "batch_16": [
            1.6836872100830078,
            1.1332738399505615,
            0.9067437648773193
        ],
        "batch_17": [
            1.5541290044784546,
            1.0983586311340332,
            0.8453955054283142
        ],
        "batch_18": [
            1.4351364374160767,
            1.0370875597000122,
            0.7997681498527527
        ],
        "batch_19": [
            1.6585848331451416,
            1.1038949489593506,
            1.0436173677444458
        ]
    },
    "parent2": {
        "batch_0": [
            4.158504486083984,
            3.152858018875122,
            2.478330135345459
        ],
        "batch_1": [
            4.4149885177612305,
            3.1892921924591064,
            2.5335099697113037
        ],
        "batch_2": [
            3.812521457672119,
            3.176647186279297,
            2.439575672149658
        ],
        "batch_3": [
            4.11199426651001,
            3.1572766304016113,
            2.5270354747772217
        ],
        "batch_4": [
            3.921786308288574,
            3.1389107704162598,
            2.469054937362671
        ],
        "batch_5": [
            3.9991698265075684,
            3.0852930545806885,
            2.4011998176574707
        ],
        "batch_6": [
            4.437207221984863,
            3.3823342323303223,
            2.740373134613037
        ],
        "batch_7": [
            4.010115623474121,
            3.1497976779937744,
            2.4262185096740723
        ],
        "batch_8": [
            4.027331352233887,
            3.1143686771392822,
            2.4677634239196777
        ],
        "batch_9": [
            4.091423988342285,
            3.2542667388916016,
            2.579174041748047
        ],
        "batch_10": [
            4.056950569152832,
            3.1091866493225098,
            2.5397417545318604
        ],
        "batch_11": [
            3.8817527294158936,
            3.136780261993408,
            2.1639180183410645
        ],
        "batch_12": [
            4.231846332550049,
            3.2190048694610596,
            2.4538755416870117
        ],
        "batch_13": [
            4.087833404541016,
            3.0656049251556396,
            2.4174225330352783
        ],
        "batch_14": [
            4.0422797203063965,
            3.0931904315948486,
            2.3723251819610596
        ],
        "batch_15": [
            4.068656921386719,
            3.1125173568725586,
            2.4299962520599365
        ],
        "batch_16": [
            3.847320556640625,
            3.1291017532348633,
            2.4676673412323
        ],
        "batch_17": [
            3.4149134159088135,
            3.0690195560455322,
            2.2360193729400635
        ],
        "batch_18": [
            4.069296836853027,
            3.203172445297241,
            2.462961196899414
        ],
        "batch_19": [
            4.364589691162109,
            3.418947458267212,
            2.6876800060272217
        ]
    },
    "fusion_initial": {
        "batch_0": [
            0.5687284469604492,
            0.25802186131477356,
            -0.32108038663864136
        ],
        "batch_1": [
            0.7283746004104614,
            0.46183502674102783,
            -0.4067441523075104
        ],
        "batch_2": [
            0.79560387134552,
            -0.42739981412887573,
            0.39285609126091003
        ],
        "batch_3": [
            0.5208525061607361,
            0.45039141178131104,
            0.1603437215089798
        ],
        "batch_4": [
            0.6009195446968079,
            0.36528342962265015,
            -0.31089717149734497
        ],
        "batch_5": [
            0.7362988591194153,
            -0.4034709930419922,
            0.3807773292064667
        ],
        "batch_6": [
            0.671439528465271,
            0.4736940562725067,
            -0.35684049129486084
        ],
        "batch_7": [
            0.562674343585968,
            0.45931074023246765,
            0.2888380289077759
        ],
        "batch_8": [
            0.8065645694732666,
            -0.4347347021102905,
            0.42771872878074646
        ],
        "batch_9": [
            0.5481671094894409,
            0.3749895691871643,
            -0.3140927851200104
        ],
        "batch_10": [
            0.8221750855445862,
            -0.49093112349510193,
            0.42646002769470215
        ],
        "batch_11": [
            0.8246868252754211,
            -0.45306652784347534,
            0.4252125918865204
        ],
        "batch_12": [
            0.8401612043380737,
            -0.45705223083496094,
            -0.38381633162498474
        ],
        "batch_13": [
            0.680852472782135,
            0.4873769283294678,
            -0.4605279862880707
        ],
        "batch_14": [
            0.8329242467880249,
            -0.466264545917511,
            0.09861020743846893
        ],
        "batch_15": [
            0.7294673919677734,
            0.41604769229888916,
            -0.40265777707099915
        ],
        "batch_16": [
            0.6991525292396545,
            0.4653322696685791,
            -0.4116173982620239
        ],
        "batch_17": [
            0.8422422409057617,
            -0.48567476868629456,
            0.027805069461464882
        ],
        "batch_18": [
            0.6911242604255676,
            0.4120846390724182,
            -0.3710334599018097
        ],
        "batch_19": [
            0.7088100910186768,
            0.36764565110206604,
            -0.35013362765312195
        ]
    },
    "fusion_retrained": {
        "batch_0": [
            13.219155311584473,
            11.336301803588867,
            10.059349060058594
        ],