{
    "parent1": {
        "batch_0": 8.218631273609097,
        "batch_1": 9.280248231689136,
        "batch_2": 11.048887457698584,
        "batch_3": 4.472828152775764,
        "batch_4": 11.431210994720459,
        "batch_5": 9.037117841839791,
        "batch_6": 7.978212159790405,
        "batch_7": 7.499186607077718,
        "batch_8": 9.309930506916274,
        "batch_9": 5.253332248100867,
        "batch_10": 9.4578515120915,
        "batch_11": 11.926319349895824,
        "batch_12": 10.579832310261933,
        "batch_13": 4.987668423425584,
        "batch_14": 10.999626998717968,
        "batch_15": 3.8175860683123273,
        "batch_16": 10.370095029473305,
        "batch_17": 12.063689668973288,
        "batch_18": 10.918566703796387,
        "batch_19": 9.940008575140043
    },
    "parent2": {
        "batch_0": 28.55650212854709,
        "batch_1": 23.749627777246328,
        "batch_2": 17.7112854719162,
        "batch_3": 22.066417634487152,
        "batch_4": 16.311940038905423,
        "batch_5": 21.27456432978312,
        "batch_6": 31.100456658999125,
        "batch_7": 25.158523802487355,
        "batch_8": 22.90251010141255,
        "batch_9": 22.85752870241801,
        "batch_10": 22.85417091846466,
        "batch_11": 25.382390147761296,
        "batch_12": 33.49687730112383,
        "batch_13": 25.834317553427912,
        "batch_14": 19.390448411305744,
        "batch_15": 31.45375302563543,
        "batch_16": 21.25956302632888,
        "batch_17": 21.128381093343098,
        "batch_18": 24.539071468056225,
        "batch_19": 25.72487012545268
    },
    "fusion_initial": {
        "batch_0": 0.75082426071167,
        "batch_1": 1.883487455546856,
        "batch_2": 1.8822099651609148,
        "batch_3": 1.6324602031346522,
        "batch_4": 1.3135234895464662,
        "batch_5": 2.2120364339912637,
        "batch_6": 1.9034706436670743,
        "batch_7": 1.4464052194356918,
        "batch_8": 2.9547761579354606,
        "batch_9": 1.3620054911077022,
        "batch_10": 2.263498635755645,
        "batch_11": 0.40240407426182817,
        "batch_12": 1.6859069420741155,
        "batch_13": 2.561189376981929,
        "batch_14": 2.3547350387088954,
        "batch_15": 1.2851461587894348,
        "batch_16": 0.8267971813009026,
        "batch_17": 1.8946290574967861,
        "batch_18": 1.123416525013042,
        "batch_19": 1.0370836593210697
    },
    "fusion_retrained": {
        "batch_0": 357.4674546983507,
        "batch_1": 324.7504628499349,
        "batch_2": 291.8508487277561,
        "batch_3": 324.127194918119,
        "batch_4": 282.71351146698,
        "batch_5": 438.52406350160254,
        "batch_6": 320.50599161783856,
        "batch_7": 319.0886344909668,
        "batch_8": 361.2919302547679,
        "batch_9": 241.83348891314338,
        "batch_10": 377.60566379712975,
        "batch_11": 319.4210662841797,
        "batch_12": 376.23027151602287,
        "batch_13": 285.5474853515625,
        "batch_14": 238.3175523546007,
        "batch_15": 301.9734222412109,
        "batch_16": 363.74150125603927,
        "batch_17": 275.68834400177,
        "batch_18": 304.3367126464844,
        "batch_19": 240.09347076416014
    }
}