Parent 1,Parent 2,Fusion
64.37685089111328,55.01785736083984,6.85577540397644
48.39987411499023,48.16748580932617,5.440539836883545
43.14372329711914,45.258843994140626,5.295525360107422
