Model,Trace mean,Trace std
Parent 1,1607.7090422879253,73.21216540494457
Parent 2,1555.275576860216,72.15728217673112
Fusion,140.1551064714214,15.594582079141977
