{
    "parent1": {
        "batch_0": [
            23.93210792541504,
            16.953018188476562,
            12.828957557678223
        ],
        "batch_1": [
            23.67128562927246,
            17.204931259155273,
            12.7886323928833
        ],
        "batch_2": [
            23.84120750427246,
            16.797243118286133,
            12.60916519165039
        ],
        "batch_3": [
            24.089744567871094,
            17.235515594482422,
            12.955849647521973
        ],
        "batch_4": [
            25.74843406677246,
            18.082311630249023,
            13.860455513000488
        ],
        "batch_5": [
            23.9257869720459,
            17.1458683013916,
            12.679900169372559
        ],
        "batch_6": [
            23.857872009277344,
            16.83027458190918,
            12.67411994934082
        ],
        "batch_7": [
            24.967893600463867,
            17.544509887695312,
            11.925503730773926
        ],
        "batch_8": [
            25.3045711517334,
            17.691871643066406,
            13.329012870788574
        ],
        "batch_9": [
            23.768007278442383,
            16.855758666992188,
            12.772680282592773
        ]
    },
    "parent2": {
        "batch_0": [
            7.676738739013672,
            5.612221717834473,
            5.771055221557617
        ],
        "batch_1": [
            8.155017852783203,
            5.817761421203613,
            5.570221424102783
        ],
        "batch_2": [
            8.038623809814453,
            5.989963531494141,
            5.6471357345581055
        ],
        "batch_3": [
            7.905307292938232,
            5.834559917449951,
            5.722647666931152
        ],
        "batch_4": [
            8.024221420288086,
            5.5469512939453125,
            5.639039516448975
        ],
        "batch_5": [
            7.796670436859131,
            5.748017311096191,
            5.3631911277771
        ],
        "batch_6": [
            7.783542633056641,
            5.912905216217041,
            5.819459438323975
        ],
        "batch_7": [
            8.267011642456055,
            5.626429557800293,
            5.511797904968262
        ],
        "batch_8": [
            7.602581977844238,
            5.414182662963867,
            5.1029052734375
        ],
        "batch_9": [
            8.064413070678711,
            5.84207820892334,
            5.406941890716553
        ]
    },
    "fusion_initial": {
        "batch_0": [
            -0.9962367415428162,
            0.9447256922721863,
            0.9326366186141968
        ],
        "batch_1": [
            -1.0320323705673218,
            0.9590689539909363,
            0.9539313316345215
        ],
        "batch_2": [
            -1.021557092666626,
            0.9502162337303162,
            0.8312103748321533
        ],
        "batch_3": [
            -0.9100081920623779,
            0.9380286931991577,
            0.8888451457023621
        ],
        "batch_4": [
            -1.0021398067474365,
            0.9714148044586182,
            0.9316312074661255
        ],
        "batch_5": [
            -0.9695407748222351,
            0.9224787354469299,
            0.8888489603996277
        ],
        "batch_6": [
            0.6220613718032837,
            0.8322317600250244,
            0.8719593286514282
        ],
        "batch_7": [
            -1.007167100906372,
            0.946337103843689,
            0.9353823661804199
        ],
        "batch_8": [
            -1.0721584558486938,
            1.0303754806518555,
            0.9777759313583374
        ],
        "batch_9": [
            0.786026656627655,
            0.8738281726837158,
            0.78166264295578
        ]
    },
    "fusion_retrained": {
        "batch_0": [
            49.96018981933594,
            48.079742431640625,
            41.02241516113281
        ],
        "batch_1": [
            47.29973220825195,
            46.39452362060547,
            35.52503204345703
        ],
        "batch_2": [
            45.86767578125,
            41.21297073364258,
            39.28969192504883
        ],
        "batch_3": [
            46.17367935180664,
            46.37078857421875,
            39.52863693237305
        ],
        "batch_4": [
            47.86399459838867,
            42.5660400390625,
            36.21737289428711
        ],
        "batch_5": [
            49.67830276489258,
            46.8608283996582,
            40.500335693359375
        ],
        "batch_6": [
            47.186981201171875,
            43.75014114379883,
            38.97796630859375
        ],
        "batch_7": [
            53.52183532714844,
            50.15428924560547,
            43.46023178100586
        ],
        "batch_8": [
            46.99620056152344,
            40.35466384887695,
            39.215152740478516
        ],
        "batch_9": [
            48.208194732666016,
            46.120235443115234,
            40.860347747802734
        ]
    }
}