{
    "parent1": {
        "batch_0": 235.35951954609638,
        "batch_1": 284.2069235444069,
        "batch_2": 239.3210905026167,
        "batch_3": 284.9345301577919,
        "batch_4": 256.21734924316405,
        "batch_5": 235.34879605732266,
        "batch_6": 269.1111783114347,
        "batch_7": 268.6143298678928,
        "batch_8": 221.73059730529786,
        "batch_9": 276.4264699762518
    },
    "parent2": {
        "batch_0": 77.06720799787178,
        "batch_1": 75.69181394577026,
        "batch_2": 75.58773187206964,
        "batch_3": 82.01221959344272,
        "batch_4": 67.60901789298424,
        "batch_5": 94.93738626550746,
        "batch_6": 73.14380464553832,
        "batch_7": 75.28613638359568,
        "batch_8": 80.33066417620732,
        "batch_9": 57.64129993745259
    },
    "fusion_initial": {
        "batch_0": 6.0479700948510855,
        "batch_1": 2.5319681650400163,
        "batch_2": 2.1211480555382183,
        "batch_3": 6.191415626751749,
        "batch_4": 5.544795962480398,
        "batch_5": 4.98000388273171,
        "batch_6": 4.4066146700084206,
        "batch_7": 0.4872639170714787,
        "batch_8": 4.174376234248444,
        "batch_9": 2.0448873156309126
    },
    "fusion_retrained": {
        "batch_0": 1665.835693359375,
        "batch_1": 1853.8363037109375,
        "batch_2": 1662.7494583129883,
        "batch_3": 1597.8082838792068,
        "batch_4": 1471.1534016927083,
        "batch_5": 1677.4087468927557,
        "batch_6": 1611.0864639282227,
        "batch_7": 1682.308598445012,
        "batch_8": 1613.4207481971155,
        "batch_9": 1626.0107666015624
    }
}