Parent 1,Parent 2,Fusion
252.44512557983398,227.58228302001953,301.7764129638672
175.19161415100098,184.82222938537598,158.0346565246582
121.95317459106445,114.37869262695312,123.15711784362793
