Model,Trace mean,Trace std
Parent 1,1174.2452010968152,191.40951701468705
Parent 2,1222.5761950797223,413.6967400006273
Fusion,1025.216068625635,548.8255733541457
