{
    "parent1": {
        "batch_0": [
            13.300311088562012,
            12.721755027770996,
            6.208380222320557
        ],
        "batch_1": [
            13.097871780395508,
            12.188098907470703,
            6.280816078186035
        ],
        "batch_2": [
            13.718700408935547,
            12.91421127319336,
            6.448116779327393
        ],
        "batch_3": [
            13.841283798217773,
            12.0631742477417,
            6.255361080169678
        ],
        "batch_4": [
            13.59851360321045,
            12.371452331542969,
            6.290103435516357
        ],
        "batch_5": [
            13.193936347961426,
            11.437643051147461,
            6.013544082641602
        ],
        "batch_6": [
            12.890417098999023,
            11.827879905700684,
            6.258656024932861
        ],
        "batch_7": [
            13.489028930664062,
            12.462674140930176,
            6.432878494262695
        ],
        "batch_8": [
            13.433366775512695,
            12.548828125,
            6.201114177703857
        ],
        "batch_9": [
            13.160694122314453,
            11.574545860290527,
            6.368100643157959
        ],
        "batch_10": [
            14.690439224243164,
            13.641946792602539,
            6.682703018188477
        ],
        "batch_11": [
            13.130059242248535,
            11.93404769897461,
            6.22850227355957
        ],
        "batch_12": [
            13.255352973937988,
            12.066055297851562,
            6.110470294952393
        ],
        "batch_13": [
            13.854976654052734,
            12.223567008972168,
            6.398285388946533
        ],
        "batch_14": [
            12.624897003173828,
            12.492633819580078,
            5.966262340545654
        ],
        "batch_15": [
            13.695871353149414,
            11.918956756591797,
            6.213452339172363
        ],
        "batch_16": [
            11.893045425415039,
            13.071345329284668,
            6.204324722290039
        ],
        "batch_17": [
            13.251646041870117,
            11.891845703125,
            6.219662666320801
        ],
        "batch_18": [
            13.446008682250977,
            12.408519744873047,
            6.384235858917236
        ],
        "batch_19": [
            13.62368106842041,
            12.306458473205566,
            6.468127727508545
        ]
    },
    "parent2": {
        "batch_0": [
            18.75289535522461,
            10.040653228759766,
            6.604032516479492
        ],
        "batch_1": [
            18.685922622680664,
            9.678743362426758,
            6.2499237060546875
        ],
        "batch_2": [
            18.765933990478516,
            10.076587677001953,
            6.4700703620910645
        ],
        "batch_3": [
            18.290815353393555,
            9.911755561828613,
            6.272516250610352
        ],
        "batch_4": [
            18.51740264892578,
            9.741838455200195,
            6.033900737762451
        ],
        "batch_5": [
            18.82545280456543,
            9.473310470581055,
            6.074955940246582
        ],
        "batch_6": [
            20.387187957763672,
            10.51123046875,
            6.673543930053711
        ],
        "batch_7": [
            17.809337615966797,
            9.807561874389648,
            6.420883655548096
        ],
        "batch_8": [
            17.58062744140625,
            9.546684265136719,
            6.25018835067749
        ],
        "batch_9": [
            18.889501571655273,
            9.779135704040527,
            6.432675361633301
        ],
        "batch_10": [
            18.55071449279785,
            9.454385757446289,
            6.091522216796875
        ],
        "batch_11": [
            18.486360549926758,
            9.954910278320312,
            6.50784158706665
        ],
        "batch_12": [
            19.340301513671875,
            9.893410682678223,
            6.617303371429443
        ],
        "batch_13": [
            18.67156410217285,
            10.10869312286377,
            6.377882957458496
        ],
        "batch_14": [
            18.603605270385742,
            9.592348098754883,
            6.224999904632568
        ],
        "batch_15": [
            17.682844161987305,
            9.638885498046875,
            6.168956279754639
        ],
        "batch_16": [
            18.088336944580078,
            9.078359603881836,
            5.920045375823975
        ],
        "batch_17": [
            18.63909149169922,
            9.446493148803711,
            6.05611515045166
        ],
        "batch_18": [
            19.278461456298828,
            9.790164947509766,
            6.326560020446777
        ],
        "batch_19": [
            18.61228370666504,
            10.223601341247559,
            6.675621032714844
        ]
    },
    "fusion_initial": {
        "batch_0": [
            1.6237947940826416,
            0.8376694917678833,
            -0.8016749024391174
        ],
        "batch_1": [
            1.6953388452529907,
            0.8422530293464661,
            0.7751014828681946
        ],
        "batch_2": [
            1.7607389688491821,
            0.8710237145423889,
            0.5507713556289673
        ],
        "batch_3": [
            1.4465601444244385,
            -0.6989081501960754,
            0.778895914554596
        ],
        "batch_4": [
            1.5790492296218872,
            0.8147701621055603,
            -0.7169758081436157
        ],
        "batch_5": [
            1.6138633489608765,
            0.8110276460647583,
            0.4907580614089966
        ],
        "batch_6": [
            1.7251710891723633,
            0.9151510000228882,
            -0.8574270606040955
        ],
        "batch_7": [
            1.4139436483383179,
            0.8234963417053223,
            0.6496362090110779
        ],
        "batch_8": [
            1.572961449623108,
            0.7933157682418823,
            0.730286717414856
        ],
        "batch_9": [
            1.5116686820983887,
            0.8221057653427124,
            0.6797422766685486
        ],
        "batch_10": [
            1.7522655725479126,
            0.9065499901771545,
            -0.855375349521637
        ],
        "batch_11": [
            1.8884673118591309,
            0.9696563482284546,
            -0.9154298901557922
        ],
        "batch_12": [
            1.8345551490783691,
            0.8786782026290894,
            -0.3787505030632019
        ],
        "batch_13": [
            1.7018492221832275,
            0.9025193452835083,
            -0.811228334903717
        ],
        "batch_14": [
            1.9474093914031982,
            1.0285612344741821,
            -1.0006452798843384
        ],
        "batch_15": [
            1.725611925125122,
            0.8880710601806641,
            -0.8318009972572327
        ],
        "batch_16": [
            1.5984793901443481,
            0.8009771108627319,
            -0.08522991836071014
        ],
        "batch_17": [
            1.7781784534454346,
            0.9105796217918396,
            0.21860921382904053
        ],
        "batch_18": [
            1.5916130542755127,
            0.34008997678756714,
            0.7995211482048035
        ],
        "batch_19": [
            1.692028522491455,
            0.863463282585144,
            -0.803918719291687
        ]
    },
    "fusion_retrained": {
        "batch_0": [
            13.845534324645996,
            12.045638084411621,
            9.411352157592773
        ],
        "batch_1": [
            14.55993938446045,
            9.167457580566406,
            7.564314365386963
        ],