{
    "parent1": {
        "batch_0": 122.24139051437378,
        "batch_1": 132.17820073908027,
        "batch_2": 134.96389602212344,
        "batch_3": 118.1703515291214,
        "batch_4": 122.25754367338645,
        "batch_5": 134.25558982576644,
        "batch_6": 130.03887926982,
        "batch_7": 140.33625624520437,
        "batch_8": 118.09795259706902,
        "batch_9": 131.99949437921697,
        "batch_10": 137.49124947240796,
        "batch_11": 144.2146173119545,
        "batch_12": 131.32065251668294,
        "batch_13": 132.2019976868349,
        "batch_14": 127.52415837049485,
        "batch_15": 142.96033500222597,
        "batch_16": 122.51313301368997,
        "batch_17": 136.39126311408148,
        "batch_18": 155.26421841708097,
        "batch_19": 124.21923337663922
    },
    "parent2": {
        "batch_0": 138.36133427559574,
        "batch_1": 109.74961624145507,
        "batch_2": 145.19199567092093,
        "batch_3": 162.65930034175062,
        "batch_4": 147.82821014079641,
        "batch_5": 133.70062958916952,
        "batch_6": 148.21630047642907,
        "batch_7": 140.39318541557557,
        "batch_8": 127.23928866082547,
        "batch_9": 165.30243994060316,
        "batch_10": 167.08022513756384,
        "batch_11": 162.18359559377035,
        "batch_12": 146.36508700722143,
        "batch_13": 98.55094319581985,
        "batch_14": 174.2530403137207,
        "batch_15": 146.26837709971838,
        "batch_16": 105.21799230575562,
        "batch_17": 139.91704956344935,
        "batch_18": 146.7929161919488,
        "batch_19": 154.2618991887128
    },
    "fusion_initial": {
        "batch_0": 12.971777632832527,
        "batch_1": 6.0879117995500565,
        "batch_2": 5.166203447124538,
        "batch_3": 5.501672458648682,
        "batch_4": 5.395316440765172,
        "batch_5": 4.601865028142929,
        "batch_6": 5.684599783978885,
        "batch_7": 6.941839934885502,
        "batch_8": 5.464316322178137,
        "batch_9": 6.4844502146179614,
        "batch_10": 4.318746056042466,
        "batch_11": 5.5415180138687585,
        "batch_12": 7.6777198233387685,
        "batch_13": 5.496752185821533,
        "batch_14": 5.026352728009224,
        "batch_15": 3.6007127632965914,
        "batch_16": 4.681066240866979,
        "batch_17": 8.288760876655578,
        "batch_18": 3.147272295895077,
        "batch_19": 7.798633301959319
    },
    "fusion_retrained": {
        "batch_0": 327.1218452453613,
        "batch_1": 273.76822967529296,
        "batch_2": 227.21600886753626,
        "batch_3": 271.5953435897827,
        "batch_4": 273.2586212158203,
        "batch_5": 361.38691850142044,
        "batch_6": 330.4635904947917,
        "batch_7": 274.86340412340667,
        "batch_8": 263.11846124558224,
        "batch_9": 245.11343536376953,
        "batch_10": 319.6803196498326,
        "batch_11": 307.9633076985677,
        "batch_12": 317.8803155081613,
        "batch_13": 233.7291012718564,
        "batch_14": 201.36120015924627,
        "batch_15": 396.7810363769531,
        "batch_16": 342.4966334292763,
        "batch_17": 318.78908806878167,
        "batch_18": 279.717067045324,
        "batch_19": 232.26521367612094
    }
}